StartDate,EndDate,Status,Progress,Duration (in seconds),Finished,RecordedDate,ResponseId,DistributionChannel,UserLanguage,age,sex,sex_3_TEXT,eth,eth_9_TEXT,rel,rel_8_TEXT,conLib_1,conLib_2,sdo_1,sdo_2,sdo_3,sdo_4,sdo_5,sdo_6,sdo_7,sdo_8,sdo_9,sdo_10,sdo_11,sdo_12,sdo_13,sdo_14,sdo_15,sdo_16,sinc_1,introspectiveness_1,introspectiveness_2,introspectiveness_3,introspectiveness_4,introspectiveness_5,introspectiveness_6,introspectiveness_7,introspectiveness_8,introspectiveness_9,introspectiveness2_1,introspectiveness2_2,hon_hum_1,hon_hum_2,hon_hum_3,hon_hum_4,hon_hum_5,hon_hum_6,hon_hum_7,hon_hum_8,hon_hum_9,hon_hum_10,JSS_1,JSS_2,JSS_3,JSS_4,JSS_5,JSS_6,JSS_7,JSS_8,beth_1,beth_2,beth_3,beth_4,bethSym1_4,stanley_1,stanley_2,stanley_3,stanley_4,stanleySym1_1,tina_1,tina_2,tina_3,tina_4,tinaSym1_1,speaker_1,speaker_2,speaker_3,speaker_4,speakerSym1_1,bethCheck,bethSRel,bethSwitch_1,bethSwitch_2,bethSwitch_3,bethSwitch_4,bethSym2_1,stanleyCheck,stanleySRel,stanleySwitch_1,stanleySwitch_2,stanleySwitch_3,stanleySwitch_4,stanleySym2_1,tinaCheck,tinaSRel,tinaSwitch_1,tinaSwitch_2,tinaSwitch_3,tinaSwitch_4,tinaSym2_1,speakerCheck,speakerSRel,speakerSwitch_1,speakerSwitch_2,speakerSwitch_3,speakerSwitch_4,speakerSym2_1,coin,bot,box,leftFirst,order,mTurkCode
Start Date,End Date,Response Type,Progress,Duration (in seconds),Finished,Recorded Date,Response ID,Distribution Channel,User Language,How old are you?,What is your gender? - Selected Choice,What is your gender? - Other - Text,What is your ethnicity? - Selected Choice,What is your ethnicity? - Other: - Text,Please indicate which of the following best describes your religious affiliation. - Selected Choice,Please indicate which of the following best describes your religious affiliation. - Other - Text,Please answer these two questions about your political orientation. - How liberal or conservative are you in terms of ECONOMIC issues?,Please answer these two questions about your political orientation. - How liberal or conservative are you in terms of SOCIAL issues?,"Show how much you favor or oppose each idea below by
selecting a number from 1 to 7 on the scale. - Some groups of people must be kept in their place.","Show how much you favor or oppose each idea below by
selecting a number from 1 to 7 on the scale. - It's arguably a good thing that certain groups are at the top and other groups are at the bottom.","Show how much you favor or oppose each idea below by
selecting a number from 1 to 7 on the scale. - An ideal society requires some groups to be on top and others to be on the bottom.","Show how much you favor or oppose each idea below by
selecting a number from 1 to 7 on the scale. - Some groups of people are simply inferior to other groups.","Show how much you favor or oppose each idea below by
selecting a number from 1 to 7 on the scale. - Groups at the bottom are just as deserving as groups at the top.","Show how much you favor or oppose each idea below by
selecting a number from 1 to 7 on the scale. - No one group should dominate in society.","Show how much you favor or oppose each idea below by
selecting a number from 1 to 7 on the scale. - Groups at the bottom should not have to stay in their place.","Show how much you favor or oppose each idea below by
selecting a number from 1 to 7 on the scale. - Group dominance is a poor principle.","Show how much you favor or oppose each idea below by
selecting a number from 1 to 7 on the scale. - We should not push for group equality.","Show how much you favor or oppose each idea below by
selecting a number from 1 to 7 on the scale. - We shouldn't try to guarantee that every group has the same quality of life.","Show how much you favor or oppose each idea below by
selecting a number from 1 to 7 on the scale. - It is unjust to try to make groups equal.","Show how much you favor or oppose each idea below by
selecting a number from 1 to 7 on the scale. - Group equality should not be our primary goal.","Show how much you favor or oppose each idea below by
selecting a number from 1 to 7 on the scale. - We should work to give all groups an equal chance to succeed.","Show how much you favor or oppose each idea below by
selecting a number from 1 to 7 on the scale. - We should do what we can to equalize conditions for different groups.","Show how much you favor or oppose each idea below by
selecting a number from 1 to 7 on the scale. - No matter how much effort it takes, we ought to strive to ensure that all groups have the same chance in life.","Show how much you favor or oppose each idea below by
selecting a number from 1 to 7 on the scale. - Group equality should be our ideal.",Rate your level of agreement to the following statement - I make an effort to appear consistent to others.,Listed below are descriptions of various types of behavior or characeristics of people. How well or poorly do these describe you? - Interested in psychology.,Listed below are descriptions of various types of behavior or characeristics of people. How well or poorly do these describe you? - Often examine your inner motives.,Listed below are descriptions of various types of behavior or characeristics of people. How well or poorly do these describe you? - Interested in why you behave the way you do.,Listed below are descriptions of various types of behavior or characeristics of people. How well or poorly do these describe you? - Think a lot about why you feel the way you do.,Listed below are descriptions of various types of behavior or characeristics of people. How well or poorly do these describe you? - Always trying to figure yourself out.,Listed below are descriptions of various types of behavior or characeristics of people. How well or poorly do these describe you? - Worried about meaning in life.,Listed below are descriptions of various types of behavior or characeristics of people. How well or poorly do these describe you? - Think about yourself a lot.,Listed below are descriptions of various types of behavior or characeristics of people. How well or poorly do these describe you? - Often the subject of your own daydreams.,"Listed below are descriptions of various types of behavior or characeristics of people. How well or poorly do these describe you? - When you are alone, think about yourself a lot.","Listed below are some topics that people think about. In the past three months, how much time have you spent thinking about each? - Your emotions and feelings.","Listed below are some topics that people think about. In the past three months, how much time have you spent thinking about each? - Why you behave the way you do.","Below are a series of statements . Please indicate how much you agree or disagree with each statement as a description of yourself. - I wouldn't use flattery to get a raise or promotion at work, even if I thought it would succeed.","Below are a series of statements . Please indicate how much you agree or disagree with each statement as a description of yourself. - If I knew that I could never get caught, I would be willing to steal a million dollars.",Below are a series of statements . Please indicate how much you agree or disagree with each statement as a description of yourself. - Having a lot of money is not especially important to me.,Below are a series of statements . Please indicate how much you agree or disagree with each statement as a description of yourself. - I think that I'm entitled to more respect than the average person is.,"Below are a series of statements . Please indicate how much you agree or disagree with each statement as a description of yourself. - If I want something from someone, I will laugh at that person's worst jokes.","Below are a series of statements . Please indicate how much you agree or disagree with each statement as a description of yourself. - I would never accept a bribe, even if it were very large.",Below are a series of statements . Please indicate how much you agree or disagree with each statement as a description of yourself. - I would get a lot of pleasure from owning expensive luxury goods.,Below are a series of statements . Please indicate how much you agree or disagree with each statement as a description of yourself. - I want people to know that I am an important person of high status.,Below are a series of statements . Please indicate how much you agree or disagree with each statement as a description of yourself. - I wouldn't pretend to like someone just to get that person to do favors for me.,"Below are a series of statements . Please indicate how much you agree or disagree with each statement as a description of yourself. - I'd be tempted to use counterfeit money, if I were sure I could get away with it.",Below are a series of statements . Please indicate how much you agree or disagree with each statement as a description of yourself. - It makes me angry when others are undeservingly better off than me.,Below are a series of statements . Please indicate how much you agree or disagree with each statement as a description of yourself. - It worries me when I have to work hard for things that come easily to to others.,Below are a series of statements . Please indicate how much you agree or disagree with each statement as a description of yourself. - I am upset when someone is undeservingly worse off than others.,Below are a series of statements . Please indicate how much you agree or disagree with each statement as a description of yourself. - It worries me when someone has to work hard for things that come easily to others,Below are a series of statements . Please indicate how much you agree or disagree with each statement as a description of yourself. - I feel guilty when I am better off than others for no reason.,Below are a series of statements . Please indicate how much you agree or disagree with each statement as a description of yourself. - It bothers me when things come easily to me that others have to work hard for.,Below are a series of statements . Please indicate how much you agree or disagree with each statement as a description of yourself. - I feel guilty when I enrich myself at the cost others.,Below are a series of statements . Please indicate how much you agree or disagree with each statement as a description of yourself. - It bothers me when I use tricks to achieve something while others have to struggle for it.,"Please rate your level of agreement with the following statements - Beth's conclusions are controversial, so increased scrutiny is justified","Please rate your level of agreement with the following statements - Strong criticism is a part of science, and Beth should accept that.",Please rate your level of agreement with the following statements - The critics are stifling Beth's academic freedom.,Please rate your level of agreement with the following statements - Critics shouldn't hold Beth's claims to higher standards of evidence than other claims.,"If Beth was able to influence a large amount of people to believe in her research conclusions, how would you feel about this? 
Answer on a scale from -100  (very negative) to +100 (very positive).","Please rate your level of agreement with the following statements - Stanley's employer should have the right to fire him, even if the reason is unrelated to the quality of work produced.",Please rate your level of agreement with the following statements - Stanley's right to freedom of expression was compromised here.,Please rate your level of agreement with the following statements - The people contacting Stanley's employer were morally wrong in doing that.,"Please rate your level of agreement with the following statements - There are limits to freedom of expression, and Stanley might have stepped over those limits here.","If Stanley was able to influence a large amount of people to have less respect for the politician in question, how would you feel about this?
Answer on a scale from -100 
 (very negative) to +100 (very positive).","Please rate your level of agreement with the following statements - Ideally, Tina should have been free to speak her mind without fear of a backlash.",Please rate your level of agreement with the following statements - Tina's critics should be more tolerant of differences in opinion.,"Please rate your level of agreement with the following statements - Facebook is a public forum, so Tina should have been prepared to face the consequences of her post.",Please rate your level of agreement with the following statements - The prominent blogger was in the wrong for bringing negative attention to Tina,"If Tina was able to influence a large amount of people to share her view, how would you feel about this? 
Answer on a scale from -100 
 (very negative) to +100 (very positive).",Please rate your level of agreement with the following statements - The speaker's views are sufficiently harmful that it is legitimate to silence them.,Please rate your level of agreement with the following statements - The protesters are only exercising their free speech; they're not doing anything wrong here.,"Please rate your level of agreement with the following statements - The university administration should not be blamed for disinviting the speaker, as it is fully within its rights to do so.","Please rate your level of agreement with the following statements - It is wrong for the protesters to try to remove the speaker, regardless of how abhorrent they find his views.","If the speaker was able to influence a large amount of people to share his views, how would you feel about this? 
Answer on a scale from -100 
 (very negative) to +100 (very positive).","Remember Beth, the researcher studying personality differences? Do you remember which group of people Beth described as tending to have more of certain undesirable personality traits?","Do
you consider this change in the scenario to be relevant to how you would have answered
any of the questions associated with it?","Please answer the questions once again, but now with the altered scenario in mind. - Beth's conclusions are controversial, so increased scrutiny is justified","Please answer the questions once again, but now with the altered scenario in mind. - Strong criticism is a part of science, and Beth should accept that.","Please answer the questions once again, but now with the altered scenario in mind. - The critics are stifling Beth's academic freedom.","Please answer the questions once again, but now with the altered scenario in mind. - Critics shouldn't hold Beth's claims to higher standards of evidence than other claims.","If this version of Beth was able to influence a large amount of people to believe in her research 
conclusions, how would you feel about this? 
Answer on a scale from -100 
 (very negative) to +100 (very positive).","Remember Stanley, who got fired over posting obscene photoshopped images of a politician online? Do you remember which politician was featured in the images he posted?","Do
you consider this change in the scenario to be relevant to how you would have answered
any of the questions associated with it?","Please answer the questions once again, but now with the altered scenario in mind. - Stanley's employer should have the right to fire him, even if the reason is unrelated to the quality of work produced.","Please answer the questions once again, but now with the altered scenario in mind. - Stanley's right to freedom of expression was compromised here.","Please answer the questions once again, but now with the altered scenario in mind. - The people contacting Stanley's employer were morally wrong in doing that.","Please answer the questions once again, but now with the altered scenario in mind. - There are limits to freedom of expression, and Stanley might have stepped over those limits here.","If this version of Stanley was able to influence a large amount of people to have less respect for the politician in question, how would you feel about this?
Answer on a scale from -100 
 (very negative) to +100 (very positive).","Remember Tina, the girl who wrote a Facebook post and was heavily criticized for it? Do you remember which view Tina expressed?","Do
you consider this change in the scenario to be relevant to how you would have answered
any of the questions associated with it?","Please answer the questions once again, but now with the altered scenario in mind. - Ideally, Tina should have been free to speak her mind without fear of a backlash.","Please answer the questions once again, but now with the altered scenario in mind. - Tina's critics should be more tolerant of differences in opinion.","Please answer the questions once again, but now with the altered scenario in mind. - Facebook is a public forum, so Tina should have been prepared to face the consequences of her post.","Please answer the questions once again, but now with the altered scenario in mind. - The prominent blogger was in the wrong for bringing negative attention to Tina","If this version of Tina was able to influence a large amount of people to share her view, how would you feel about this? 
Answer on a scale from -100 
 (very negative) to +100 (very positive).","Remember the speaker who was invited to speak at a university, but who was later disinvited? Do you remember which message the speaker would convey?","Do
you consider this change in the scenario to be relevant to how you would have answered
any of the questions associated with it?","Please answer the questions once again, but now with the altered scenario in mind. - The speaker's views are sufficiently harmful that it is legitimate to silence them.","Please answer the questions once again, but now with the altered scenario in mind. - The protesters are only exercising their free speech; they're not doing anything wrong here.","Please answer the questions once again, but now with the altered scenario in mind. - The university administration should not be blamed for disinviting the speaker, as it is fully within its rights to do so.","Please answer the questions once again, but now with the altered scenario in mind. - It is wrong for the protesters to try to remove the speaker, regardless of how abhorrent they find his views.","If this version of the speaker was able to influence a large amount of people to share his views, how would you feel about this? 
Answer on a scale from -100 
 (very negative) to +100 (very positive).","Here, you have the opportunity to earn an additional bonus to the posted renumeration for this survey. First, get a coin and decide in advance which sides are heads and tails. Then, flip the coin five times, and count the number of times it lands on heads. You earn 10 cents for each head you flip out of five. Please indicate the number of times the coin landed on heads below. (Payment for this will be given as a bonus soon after data collection is finished, in a week or two.)","Lastly, we want to make sure that you are not a bot. Please help us be confident that you are not a bot by telling us your favorite food in the text box below. (Bots don't eat, so they won't have a favorite food.)","Thank you for completing this survey.
Here's a quick debriefing, detailing the survey's nature and purpose.- The purpose of the study was to examine whether people are consistent in their application of principles related to freedom of speech.- We investigated this by asking about these kinds of principles in varying contexts, to see if a person's loyalties in a particular context influences their attitudes.- The scenarios you were shown were fictional, but inspired by real cases. 

Click on to the next page to get your mTurk code.

If you have any comments you'd like us to see, you can add them in the box below.",leftFirst,order,mTurkCode
"{""ImportId"":""startDate"",""timeZone"":""Europe/Berlin""}","{""ImportId"":""endDate"",""timeZone"":""Europe/Berlin""}","{""ImportId"":""status""}","{""ImportId"":""progress""}","{""ImportId"":""duration""}","{""ImportId"":""finished""}","{""ImportId"":""recordedDate"",""timeZone"":""Europe/Berlin""}","{""ImportId"":""_recordId""}","{""ImportId"":""distributionChannel""}","{""ImportId"":""userLanguage""}","{""ImportId"":""QID1_TEXT""}","{""ImportId"":""QID3""}","{""ImportId"":""QID3_3_TEXT""}","{""ImportId"":""QID4""}","{""ImportId"":""QID4_9_TEXT""}","{""ImportId"":""QID5""}","{""ImportId"":""QID5_8_TEXT""}","{""ImportId"":""QID58_1""}","{""ImportId"":""QID58_2""}","{""ImportId"":""QID205_1""}","{""ImportId"":""QID205_2""}","{""ImportId"":""QID205_3""}","{""ImportId"":""QID205_4""}","{""ImportId"":""QID205_5""}","{""ImportId"":""QID205_6""}","{""ImportId"":""QID205_7""}","{""ImportId"":""QID205_8""}","{""ImportId"":""QID205_9""}","{""ImportId"":""QID205_10""}","{""ImportId"":""QID205_11""}","{""ImportId"":""QID205_12""}","{""ImportId"":""QID205_13""}","{""ImportId"":""QID205_14""}","{""ImportId"":""QID205_15""}","{""ImportId"":""QID205_16""}","{""ImportId"":""QID251_1""}","{""ImportId"":""QID252_1""}","{""ImportId"":""QID252_2""}","{""ImportId"":""QID252_3""}","{""ImportId"":""QID252_4""}","{""ImportId"":""QID252_5""}","{""ImportId"":""QID252_6""}","{""ImportId"":""QID252_7""}","{""ImportId"":""QID252_8""}","{""ImportId"":""QID252_9""}","{""ImportId"":""QID255_1""}","{""ImportId"":""QID255_2""}","{""ImportId"":""QID253_1""}","{""ImportId"":""QID253_2""}","{""ImportId"":""QID253_3""}","{""ImportId"":""QID253_4""}","{""ImportId"":""QID253_5""}","{""ImportId"":""QID253_6""}","{""ImportId"":""QID253_7""}","{""ImportId"":""QID253_8""}","{""ImportId"":""QID253_9""}","{""ImportId"":""QID253_10""}","{""ImportId"":""QID256_1""}","{""ImportId"":""QID256_2""}","{""ImportId"":""QID256_3""}","{""ImportId"":""QID256_4""}","{""ImportId"":""QID256_5""}","{""ImportId"":""QID256_6""}","{""ImportId"":""QID256_7""}","{""ImportId"":""QID256_8""}","{""ImportId"":""QID78_1""}","{""ImportId"":""QID78_2""}","{""ImportId"":""QID78_3""}","{""ImportId"":""QID78_4""}","{""ImportId"":""QID241_4""}","{""ImportId"":""QID119_1""}","{""ImportId"":""QID119_2""}","{""ImportId"":""QID119_3""}","{""ImportId"":""QID119_4""}","{""ImportId"":""QID248_1""}","{""ImportId"":""QID166_1""}","{""ImportId"":""QID166_2""}","{""ImportId"":""QID166_3""}","{""ImportId"":""QID166_4""}","{""ImportId"":""QID243_1""}","{""ImportId"":""QID182_1""}","{""ImportId"":""QID182_2""}","{""ImportId"":""QID182_3""}","{""ImportId"":""QID182_4""}","{""ImportId"":""QID246_1""}","{""ImportId"":""QID229""}","{""ImportId"":""QID237""}","{""ImportId"":""QID216_1""}","{""ImportId"":""QID216_2""}","{""ImportId"":""QID216_3""}","{""ImportId"":""QID216_4""}","{""ImportId"":""QID242_1""}","{""ImportId"":""QID231""}","{""ImportId"":""QID238""}","{""ImportId"":""QID219_1""}","{""ImportId"":""QID219_2""}","{""ImportId"":""QID219_3""}","{""ImportId"":""QID219_4""}","{""ImportId"":""QID249_1""}","{""ImportId"":""QID233""}","{""ImportId"":""QID240""}","{""ImportId"":""QID225_1""}","{""ImportId"":""QID225_2""}","{""ImportId"":""QID225_3""}","{""ImportId"":""QID225_4""}","{""ImportId"":""QID244_1""}","{""ImportId"":""QID234""}","{""ImportId"":""QID239""}","{""ImportId"":""QID228_1""}","{""ImportId"":""QID228_2""}","{""ImportId"":""QID228_3""}","{""ImportId"":""QID228_4""}","{""ImportId"":""QID247_1""}","{""ImportId"":""QID257""}","{""ImportId"":""QID258_TEXT""}","{""ImportId"":""QID204_TEXT""}","{""ImportId"":""leftFirst""}","{""ImportId"":""order""}","{""ImportId"":""mTurkCode""}"
2019-06-18 16:49:24,2019-06-18 16:53:40,0,100,255,1,2019-06-18 16:53:40,R_3iVapjZWJgsa5KK,anonymous,EN,36,2,,1,,1,,47,48,5,4,5,5,6,5,4,6,5,6,5,5,5,5,4,5,6,6,5,5,4,5,6,5,5,6,4,3,13,12,12,12,13,13,12,11,12,13,13,12,13,13,13,12,12,13,6,6,5,5,47,6,6,5,5,54,4,5,6,4,61,5,6,5,6,56,3,9,4,5,4,5,40,2,9,5,4,5,6,66,2,5,6,6,5,4,45,2,6,4,6,5,5,62,8,taco,thank you!,1,21,4109333
2019-06-18 16:48:17,2019-06-18 16:58:48,0,100,630,1,2019-06-18 16:58:49,R_PzklQLYBgFYtzUd,anonymous,EN,29,1,,1,,6,,50,-37,2,3,6,4,6,6,6,2,4,5,4,6,7,3,6,5,5,7,7,7,7,7,6,6,5,5,4,5,13,14,12,8,8,9,9,8,13,14,9,8,11,9,9,10,11,10,6,5,2,4,0,6,3,5,5,0,5,6,7,2,0,1,2,4,7,0,3,4,6,5,3,4,0,2,5,6,3,5,5,0,1,2,4,5,7,2,0,1,2,1,2,2,7,0,8,Sushi,,1,12,5536255
2019-06-18 16:50:52,2019-06-18 16:59:26,0,100,514,1,2019-06-18 16:59:27,R_DOIPNDyXm8xIthv,anonymous,EN,36,1,,1,,5,,50,50,7,7,7,7,1,1,1,1,7,7,7,7,1,1,1,1,6,7,6,7,6,7,7,6,5,6,4,4,10,13,10,13,13,8,10,12,13,13,13,14,10,11,8,9,8,12,5,6,2,4,-34,3,6,6,1,-58,1,1,7,1,-100,3,6,3,6,-100,3,7,5,6,3,5,59,2,5,3,6,6,1,58,2,4,5,4,6,1,93,1,2,2,5,2,6,93,9,chicken,n,1,23,1065427
2019-06-18 16:48:59,2019-06-18 17:00:33,0,100,694,1,2019-06-18 17:00:34,R_3MuKMntyEx1Ximf,anonymous,EN,49,1,,1,,5,,5,6,2,3,3,2,5,6,6,5,3,3,3,6,5,5,5,3,4,5,3,2,2,2,2,3,1,2,2,1,9,9,13,9,9,13,9,9,12,9,9,9,11,9,11,11,11,11,2,4,2,5,0,5,2,5,3,0,2,4,6,3,0,4,3,5,4,-22,1,4,4,5,2,6,0,2,4,4,2,3,3,0,2,3,3,4,6,3,10,1,1,3,3,5,5,-21,7,pizza,,1,4,9804213
2019-06-18 16:53:50,2019-06-18 17:01:47,0,100,477,1,2019-06-18 17:01:48,R_3oG7Mf07z8hUTaB,anonymous,EN,32,1,,1,,6,,26,-23,5,4,4,6,3,4,4,5,4,6,5,5,5,3,4,3,6,6,5,4,4,5,5,6,5,6,4,4,10,13,9,11,10,10,11,12,11,11,11,10,11,12,10,9,10,9,1,5,6,7,-19,6,7,7,5,17,6,6,2,4,0,1,2,2,6,0,3,4,1,5,6,7,0,2,4,5,7,7,6,-20,1,1,7,5,2,6,0,1,1,1,3,1,6,-27,9,pizza,n/a,1,8,309959
2019-06-18 16:49:49,2019-06-18 17:02:04,0,100,735,1,2019-06-18 17:02:05,R_6GwhNcEumKTnNtv,anonymous,EN,34,2,,1,,1,,21,23,1,1,1,1,7,7,7,7,1,1,7,1,7,7,7,1,7,7,6,6,6,6,5,5,4,4,3,3,13,9,11,9,9,13,11,9,13,9,9,9,12,9,12,12,13,13,5,7,3,2,-7,5,4,3,5,-4,6,5,5,5,4,5,4,5,7,-29,3,5,6,7,3,2,-11,3,5,3,3,2,6,-4,1,5,6,5,7,5,6,2,1,2,5,5,3,17,6,pizza,,0,8,1109773
2019-06-18 16:53:31,2019-06-18 17:02:42,0,100,550,1,2019-06-18 17:02:43,R_8ADL3qkVs5htiNP,anonymous,EN,28,1,,1,,1,,37,16,5,6,7,5,3,2,5,1,6,5,7,6,2,2,2,1,7,5,6,5,5,6,2,5,5,6,4,4,14,12,9,12,10,10,12,13,12,8,13,9,8,9,8,8,8,9,5,6,3,6,33,2,7,6,1,75,6,7,6,2,75,2,2,1,6,88,1,4,5,6,2,6,-46,3,4,2,7,6,1,-72,1,2,6,7,6,3,-48,2,1,1,3,1,6,-68,8,Burgers,,0,19,7462187
2019-06-18 16:51:44,2019-06-18 17:02:46,0,100,661,1,2019-06-18 17:02:47,R_3HjdpickTF7fCjX,anonymous,EN,36,2,,1,,1,,50,25,6,6,7,6,3,4,4,2,6,4,7,7,2,1,3,2,4,3,6,7,6,6,3,4,1,2,3,3,13,9,14,11,8,13,8,8,14,8,9,8,11,9,10,10,10,14,2,6,3,6,42,4,5,7,1,0,3,5,3,4,100,1,2,3,7,20,1,4,3,6,3,5,0,3,4,4,5,7,1,0,1,1,4,5,3,3,0,2,2,1,6,3,7,-40,8,Tacos,,0,9,700283
2019-06-18 16:54:02,2019-06-18 17:02:58,0,100,536,1,2019-06-18 17:02:59,R_2fxhGtZyOv9zByt,anonymous,EN,45,2,,1,,1,,50,50,1,1,1,1,7,7,7,7,1,1,1,1,7,7,7,7,7,1,1,1,1,1,1,1,1,1,1,3,14,8,14,8,8,14,8,8,14,8,14,14,14,,14,14,14,14,1,1,7,7,98,1,7,7,1,98,7,1,5,7,86,1,1,1,7,100,1,10,1,1,7,7,-1,3,7,1,7,7,1,-69,1,4,7,1,1,7,-43,2,4,1,1,1,7,-40,7,pizza,,0,5,9237262
2019-06-18 16:54:27,2019-06-18 17:03:32,0,100,545,1,2019-06-18 17:03:32,R_zS9SiqRdwr48h45,anonymous,EN,37,2,,1,,1,,41,0,3,7,7,6,3,5,4,3,4,6,6,6,3,3,6,5,7,7,7,7,7,7,2,6,6,6,4,4,13,8,8,13,9,14,12,13,13,9,9,10,10,10,10,10,10,10,4,7,5,5,21,6,4,5,4,27,6,6,7,5,7,2,2,4,6,10,3,4,6,7,3,5,15,3,8,3,6,6,4,17,2,1,5,6,6,6,18,2,1,2,2,4,5,19,7,spaghetti,,0,15,6803090
2019-06-18 16:52:08,2019-06-18 17:05:09,0,100,781,1,2019-06-18 17:05:10,R_2bV1yz4XPCi0u7i,anonymous,EN,44,2,,1,,1,,26,27,3,3,3,3,6,6,5,3,2,3,3,2,6,6,6,6,6,5,5,5,5,5,5,4,3,3,3,3,9,12,12,10,12,10,12,11,10,12,12,12,12,12,12,12,13,13,5,6,5,6,7,3,5,5,3,0,5,5,7,3,-28,4,6,5,5,-22,1,6,3,6,5,5,-8,3,5,3,5,5,3,-18,1,4,5,5,6,3,-16,2,2,3,6,5,3,0,8,sushi,none,0,8,4370877
2019-06-18 16:59:25,2019-06-18 17:05:13,0,100,347,1,2019-06-18 17:05:13,R_22wZVKfs8KgtTsq,anonymous,EN,22,1,,2,,6,,27,34,6,7,6,5,5,4,6,5,7,6,5,5,5,3,5,5,6,6,5,5,7,7,6,7,6,7,4,4,13,14,13,13,11,12,12,13,13,14,13,14,13,13,14,13,13,12,5,5,6,6,-37,7,6,6,6,-62,3,2,7,5,-16,5,6,6,7,-63,3,9,7,5,6,6,-45,2,10,7,1,2,7,-75,1,5,5,6,3,5,-29,2,4,4,2,5,5,-30,7,pizza is my favorite,,1,2,8942000
2019-06-18 16:55:54,2019-06-18 17:05:22,0,100,568,1,2019-06-18 17:05:23,R_2uWhIg8av0YekLG,anonymous,EN,28,2,,1,,1,,4,10,5,6,6,5,6,3,4,7,3,5,3,5,5,6,6,4,6,3,7,6,3,7,7,6,3,5,3,4,13,13,10,13,14,13,12,10,13,14,11,12,14,13,10,13,13,10,2,2,7,6,52,7,1,1,7,-100,7,7,2,7,57,5,6,5,2,-9,1,5,7,1,7,7,100,3,6,7,1,1,7,-100,1,2,7,7,2,7,89,1,3,7,6,6,3,-75,9,Pizza,,0,4,3980690
2019-06-18 16:56:08,2019-06-18 17:05:26,0,100,558,1,2019-06-18 17:05:27,R_2PdmXhewVhyb1Ni,anonymous,EN,45,1,,1,,1,,50,-1,1,1,1,1,7,7,7,7,1,1,1,1,7,7,7,7,7,5,6,6,6,6,2,3,3,3,4,4,14,8,14,8,8,14,8,8,14,8,8,8,14,14,14,14,14,14,2,4,7,7,0,7,1,1,7,-65,7,7,2,7,-6,1,3,2,7,3,1,4,1,4,6,7,-3,3,4,7,1,1,7,0,1,1,7,7,2,7,0,2,1,1,4,2,7,0,9,cheeseburgers,none,0,11,5158378
2019-06-18 16:55:27,2019-06-18 17:06:10,0,100,643,1,2019-06-18 17:06:10,R_3Hqxhw8ZhUQfMZN,anonymous,EN,26,2,,1,,1,,21,26,2,4,4,2,6,6,5,6,1,1,6,1,6,6,7,7,7,5,6,6,7,6,5,6,6,5,4,4,14,8,12,9,8,13,8,11,13,8,8,9,11,9,8,9,10,10,1,5,1,5,-18,1,5,5,4,35,1,1,7,4,-2,3,5,2,5,-5,3,7,5,5,5,5,19,3,8,1,5,5,2,-4,1,3,5,5,6,4,9,3,5,5,4,5,5,14,8,pizza,,0,24,2166382
2019-06-18 16:49:18,2019-06-18 17:06:24,0,100,1026,1,2019-06-18 17:06:25,R_5C4f7VsqRTPl21P,anonymous,EN,58,2,,1,,1,,39,50,4,2,4,2,6,6,6,6,4,2,2,4,5,5,6,4,3,3,6,6,6,5,2,4,5,5,4,4,10,8,13,9,8,14,9,9,12,8,9,9,11,10,9,9,13,11,5,6,2,6,-39,5,5,3,4,-22,6,6,6,5,-21,2,3,4,6,-80,3,7,6,6,3,6,-21,2,6,5,3,5,4,-21,2,3,6,6,6,3,20,1,3,2,5,4,6,43,7,Chinese,,1,10,8632982
2019-06-18 16:59:57,2019-06-18 17:06:34,0,100,397,1,2019-06-18 17:06:35,R_BGioVhQcIwqQyEF,anonymous,EN,42,3," Male",9,caucasian,6,,50,49,6,6,5,2,3,2,2,2,6,5,6,6,2,2,2,2,5,2,4,5,5,5,2,2,6,2,3,3,13,9,13,9,9,13,9,9,9,9,9,9,9,9,9,9,9,9,5,2,6,5,-30,5,3,4,3,5,5,2,2,4,-43,3,7,3,6,29,3,4,5,6,6,5,25,3,7,4,5,4,3,-43,2,3,5,3,6,3,34,1,5,3,3,4,6,46,7,steak,,1,2,2278118
2019-06-18 17:01:08,2019-06-18 17:06:39,0,100,330,1,2019-06-18 17:06:39,R_294eZZNryq1y0dv,anonymous,EN,33,1,,1,,6,,41,28,3,3,3,3,5,5,5,5,3,3,3,3,5,5,5,5,6,6,5,5,5,5,3,5,2,3,3,3,13,13,9,11,13,10,12,12,10,13,12,12,10,10,10,10,10,10,2,3,6,5,42,1,7,7,1,3,7,6,2,7,23,1,2,1,7,1,3,4,2,3,6,6,1,3,4,1,7,7,1,2,1,1,6,6,2,6,-2,2,1,1,2,1,7,1,9,Pizza,,0,11,3435493
2019-06-18 16:56:56,2019-06-18 17:06:44,0,100,587,1,2019-06-18 17:06:45,R_2QxLxZUrGuuxqxs,anonymous,EN,37,2,,1,,1,,25,38,4,5,6,5,3,3,3,3,5,6,6,6,2,2,1,2,5,5,6,6,5,5,5,3,3,3,3,3,12,8,10,13,10,13,12,12,13,8,12,12,13,12,9,9,9,9,6,6,2,3,-38,6,2,2,6,-81,2,2,6,2,-81,2,7,4,1,-83,3,7,5,5,2,3,57,2,6,5,2,3,6,-2,2,6,6,5,6,5,70,1,5,3,5,4,5,62,8,dark chocolate,,1,8,268393
2019-06-18 16:48:20,2019-06-18 17:06:47,0,100,1106,1,2019-06-18 17:06:47,R_0Ai6ZP6hireKsk9,anonymous,EN,46,2,,1,,1,,39,40,1,1,1,1,7,7,7,7,1,1,1,1,7,7,7,7,7,3,3,3,5,2,2,2,2,2,2,2,14,8,14,8,8,14,8,8,8,8,9,10,12,11,9,9,13,13,5,6,6,7,70,6,5,2,6,-64,6,6,6,5,39,5,3,6,3,-20,1,8,5,6,5,7,-29,3,9,6,3,2,6,-57,1,4,5,6,6,5,-14,2,5,2,3,6,3,-26,7,pizza,,0,2,8874750
2019-06-18 16:53:22,2019-06-18 17:06:52,0,100,809,1,2019-06-18 17:06:52,R_2BqRD29MrlYSde3,anonymous,EN,41,2,,1,,1,,50,50,3,7,7,1,6,5,6,2,7,7,7,7,1,1,1,1,7,5,5,5,5,5,1,5,2,1,3,3,14,8,14,8,8,14,8,8,14,8,8,8,12,12,8,8,14,14,7,7,1,3,-100,2,4,5,5,-95,5,4,7,5,0,5,7,4,1,-74,3,7,4,5,5,4,0,2,4,1,5,6,5,55,1,1,2,6,6,5,0,1,4,3,6,2,2,66,8,pizza,,1,10,3674655
2019-06-18 16:51:16,2019-06-18 17:06:59,0,100,943,1,2019-06-18 17:06:59,R_3wJwwj7MutbZ2YF,anonymous,EN,66,2,,1,,1,,42,50,3,6,6,5,3,2,5,1,6,6,6,6,5,1,3,1,6,6,6,6,6,6,5,6,3,5,3,3,13,14,13,10,9,10,11,9,13,14,9,9,10,10,9,9,14,14,5,6,2,6,-73,3,5,3,3,-92,6,6,6,3,84,2,6,2,6,-58,3,10,5,5,2,5,100,2,10,2,3,3,3,94,3,6,6,6,6,2,62,2,6,3,5,3,5,80,7,steak,,1,7,6185835
2019-06-18 16:50:27,2019-06-18 17:07:16,0,100,1008,1,2019-06-18 17:07:17,R_2rGKKjlIs5LuT8R,anonymous,EN,47,2,,1,,5,,-16,-14,3,3,3,2,6,5,5,4,3,4,3,3,6,5,6,5,5,4,5,5,6,5,4,5,4,4,3,3,12,11,10,9,11,12,11,10,12,11,11,11,12,12,12,11,12,12,4,5,4,5,10,4,4,5,5,0,5,4,5,5,16,4,5,5,4,0,3,6,4,5,5,4,-17,2,7,4,5,4,5,-24,1,3,5,5,5,4,0,1,4,5,5,5,5,0,7,steak,,1,1,7860218
2019-06-18 16:55:44,2019-06-18 17:08:17,0,100,753,1,2019-06-18 17:08:18,R_27vDlqqmsz9x02f,anonymous,EN,30,1,,1,,1,,38,-17,1,1,1,1,7,7,7,6,1,5,1,1,5,5,1,4,6,1,2,1,1,1,1,1,5,5,2,1,8,10,9,8,13,12,14,13,11,10,8,8,8,8,8,8,14,14,3,3,6,4,-31,7,7,7,2,-56,7,5,5,1,12,1,7,7,4,-18,3,5,1,5,6,2,-2,2,4,7,7,7,2,49,1,1,7,7,5,1,25,2,2,1,7,7,3,-1,8,shrimp,,1,24,6114521
2019-06-18 16:58:09,2019-06-18 17:08:20,0,100,610,1,2019-06-18 17:08:21,R_2dA7uqTVpa0orcP,anonymous,EN,27,1,,8,,1,,33,14,7,6,7,6,7,7,6,5,5,6,5,5,6,6,4,4,6,5,5,7,6,7,6,5,5,7,4,5,13,12,14,13,13,13,14,11,12,12,13,14,12,14,13,13,14,12,7,5,6,6,72,6,6,7,5,81,5,7,7,6,56,6,7,4,4,91,2,9,7,6,5,6,63,1,9,7,6,5,6,56,3,5,7,5,6,6,85,1,6,7,7,6,4,82,9,non veg,good,1,18,6916449
2019-06-18 16:48:59,2019-06-18 17:08:26,0,100,1167,1,2019-06-18 17:08:27,R_1Qc5XBePV1hYxJC,anonymous,EN,62,2,,1,,1,,31,31,1,1,1,1,7,7,7,7,1,1,1,1,7,7,7,7,6,2,5,5,5,5,2,5,5,5,4,3,13,9,13,8,10,13,13,9,13,8,13,13,12,12,9,9,10,12,7,7,2,7,35,1,7,7,6,0,7,6,7,7,83,1,2,2,7,40,1,4,7,7,7,7,17,3,4,1,7,7,6,-31,1,1,7,7,7,7,0,2,1,1,7,1,7,-28,10,pizza,,0,19,9723039
2019-06-18 16:56:06,2019-06-18 17:08:27,0,100,741,1,2019-06-18 17:08:27,R_Ptd1crwaOg3M7gR,anonymous,EN,32,2,,1,,1,,13,-16,2,5,5,5,2,7,7,7,4,5,5,5,6,3,4,2,6,3,5,6,6,6,1,5,5,5,4,3,9,11,10,10,13,12,12,8,9,9,9,13,9,10,9,9,9,13,2,4,5,5,40,3,5,6,1,63,2,5,6,2,0,3,6,7,3,-34,1,5,2,5,6,5,0,3,5,3,2,5,1,-7,1,5,2,3,7,2,-20,2,4,3,6,7,3,-42,8,Steak,,0,8,8511439
2019-06-18 17:00:46,2019-06-18 17:08:37,0,100,471,1,2019-06-18 17:08:38,R_2e86YqylHkseP8o,anonymous,EN,31,2,,1,,6,,12,0,4,4,4,4,4,4,4,4,4,4,4,4,4,4,4,4,6,7,6,6,6,6,4,5,5,5,4,4,14,8,11,8,8,14,11,11,14,8,9,9,9,9,9,9,9,14,4,6,4,6,0,1,7,7,1,0,7,7,6,4,0,1,7,6,4,77,1,4,2,6,2,6,0,3,4,1,7,7,1,0,1,2,7,7,6,4,-2,2,4,1,6,4,6,0,7,"My favorite food is pizza. ",,0,9,8859636
2019-06-18 16:50:29,2019-06-18 17:08:40,0,100,1091,1,2019-06-18 17:08:41,R_2fH9B7ASzqSk1y1,anonymous,EN,37,2,,1,,1,,11,35,1,1,1,1,7,7,7,7,1,1,1,1,7,7,7,7,6,1,2,2,2,2,3,2,2,1,3,2,14,8,14,8,8,14,8,8,14,8,11,11,13,13,12,12,13,13,5,5,3,6,0,2,5,4,4,0,4,5,7,4,0,4,4,4,5,0,3,6,5,7,3,6,0,2,5,3,4,4,2,0,1,3,5,5,6,4,0,1,1,3,4,4,4,0,6,Anything Italian,,1,15,7332729
2019-06-18 16:58:48,2019-06-18 17:08:50,0,100,602,1,2019-06-18 17:08:51,R_yz2Ze0FZ50M0YvL,anonymous,EN,45,2,,1,,1,,32,32,3,3,5,3,6,6,5,6,3,3,2,3,6,6,6,5,6,6,5,6,6,6,5,3,3,3,3,3,14,8,13,9,9,14,10,10,13,8,9,10,10,9,9,10,11,11,3,6,5,5,40,6,2,2,5,-64,4,5,7,2,0,2,5,3,5,20,3,5,5,6,5,6,40,2,5,6,5,2,5,2,1,2,5,5,7,2,0,1,5,2,5,3,5,-20,7,Pizza,,1,6,5173644
2019-06-18 16:55:15,2019-06-18 17:08:52,0,100,817,1,2019-06-18 17:08:53,R_a8Af8XgQgo0hUt3,anonymous,EN,35,2,,1,,1,,28,34,1,1,1,1,7,6,7,1,1,1,2,1,7,6,7,6,6,5,5,5,6,5,2,3,5,3,4,3,13,8,13,9,9,13,10,9,13,9,11,13,11,12,9,10,12,13,5,4,3,2,0,6,5,2,6,-60,6,6,5,5,42,3,3,2,6,0,3,4,6,4,2,2,-39,3,4,6,3,2,6,-81,1,1,6,6,2,6,40,2,1,2,2,2,6,0,6,My favorite food is chicken,,0,2,9745421
2019-06-18 17:04:18,2019-06-18 17:08:56,0,100,277,1,2019-06-18 17:08:56,R_2fktTzt7MeQNHux,anonymous,EN,37,1,,1,,1,,9,4,6,3,4,5,5,6,4,5,3,5,4,4,5,6,5,6,4,3,3,4,5,5,6,6,5,5,2,3,10,11,11,12,12,10,11,11,12,13,11,11,12,12,10,11,12,12,4,3,3,4,40,5,3,4,4,37,4,4,5,4,25,4,5,6,5,25,2,6,4,4,3,3,-10,2,8,5,3,3,4,63,2,5,6,6,5,4,22,2,4,4,4,5,5,54,8,pizza,thanks alot,0,20,4565743
2019-06-18 16:51:16,2019-06-18 17:09:23,0,100,1086,1,2019-06-18 17:09:23,R_1pYifOBxlJLwnr7,anonymous,EN,36,2,,1,,1,,36,37,3,2,2,3,5,5,5,5,3,3,2,3,5,4,4,5,6,6,6,6,6,6,4,5,4,4,4,4,13,13,11,9,9,11,10,10,12,12,12,12,12,12,12,12,12,12,6,6,2,6,0,4,4,4,5,-10,2,2,6,2,-20,4,5,3,4,-22,3,5,6,6,2,4,-43,3,5,4,4,4,4,-26,1,4,2,4,6,4,-27,2,1,4,4,5,4,-26,9,fries,,0,3,3478231
2019-06-18 16:58:28,2019-06-18 17:09:42,0,100,674,1,2019-06-18 17:09:42,R_3q99FVO47juGjZI,anonymous,EN,55,2,,1,,1,,50,36,2,3,3,3,6,3,6,5,2,2,3,3,6,5,5,5,6,3,2,4,3,2,2,4,4,3,3,2,14,8,11,8,8,14,12,8,14,8,8,11,10,9,10,9,14,14,6,7,2,4,-10,6,2,4,6,-79,7,7,5,6,-5,1,3,2,7,-9,3,4,4,6,2,6,-7,2,4,6,3,3,6,-74,1,1,6,7,5,5,-3,1,1,1,5,2,7,-5,7,cheesecake,,1,21,1583841
2019-06-18 16:50:11,2019-06-18 17:10:52,0,100,1240,1,2019-06-18 17:10:52,R_26xdJjK07si1I1r,anonymous,EN,49,2,,1,,1,,50,-8,2,2,2,2,7,6,7,6,2,2,2,2,7,6,7,6,7,6,7,7,7,6,2,4,2,3,4,3,14,8,13,8,8,14,11,8,14,8,8,8,13,9,12,12,14,14,7,7,2,7,-5,1,5,7,5,-40,4,7,7,3,-15,4,3,7,5,-32,3,4,7,7,2,7,-29,2,4,1,6,7,5,7,2,2,5,7,7,3,19,1,2,1,3,7,6,31,6,My favorite food is chicken and dumplings from Cracker Barrel.,I think overall everyone has the right to free speech and everyone has the right to an opposing view within reason. If we silence folks for their beliefs then this world become a very frightening place. Opposing views can be healthy when expressed respectively.,1,22,6245088
2019-06-18 16:51:43,2019-06-18 17:11:09,0,100,1166,1,2019-06-18 17:11:10,R_1gG7MjRAw2fpea6,anonymous,EN,57,2,,1,,1,,13,10,1,1,1,1,4,7,7,6,5,5,4,5,5,3,7,3,5,4,6,6,6,3,2,5,4,5,3,3,13,8,12,10,8,13,9,10,13,8,9,9,12,9,9,9,12,11,5,4,5,4,7,5,5,3,4,-23,5,4,6,3,10,3,4,3,3,0,1,6,5,5,5,5,0,3,5,5,4,3,4,-6,1,3,6,4,6,3,9,2,3,3,5,3,3,9,6,pickles,none,0,13,8334325
2019-06-18 17:00:16,2019-06-18 17:11:30,0,100,673,1,2019-06-18 17:11:31,R_2EErDUEBevSSxnU,anonymous,EN,31,2,,1,,1,,22,14,2,5,3,2,6,5,5,5,2,2,2,3,5,5,3,6,5,6,6,6,6,6,7,7,6,6,4,4,10,12,12,11,12,9,10,12,10,12,10,12,12,12,10,10,12,12,5,5,3,3,-73,5,3,3,5,-67,5,5,3,5,-55,5,5,5,3,-81,1,9,4,5,2,2,32,3,10,5,2,4,3,-83,1,6,5,5,5,3,28,2,7,2,2,2,6,100,8,macaroni,,0,8,265658
2019-06-18 16:59:30,2019-06-18 17:12:01,0,100,751,1,2019-06-18 17:12:02,R_1n6KLpMMBEhad6j,anonymous,EN,55,1,,1,,7,,18,-21,1,2,3,2,7,7,6,6,2,2,2,2,7,7,7,6,5,3,3,5,5,5,3,3,2,2,2,3,13,12,12,9,9,13,10,9,13,12,9,9,12,10,10,9,12,13,2,5,5,6,40,5,5,5,3,20,2,5,6,3,20,2,6,5,6,40,3,4,3,6,5,6,0,2,5,6,5,3,3,-10,1,4,2,6,6,3,20,1,5,2,6,6,6,-21,7,Hamburgers,,1,16,2596865
2019-06-18 17:03:02,2019-06-18 17:12:04,0,100,541,1,2019-06-18 17:12:04,R_2CcRaVe6e9mEdge,anonymous,EN,36,1,,1,,1,,29,-30,2,6,6,2,5,6,6,6,5,5,5,5,6,3,6,3,5,7,6,6,6,6,5,6,6,5,3,3,14,13,8,10,8,13,9,11,14,10,9,9,9,9,8,8,13,12,7,7,1,6,-42,5,5,2,6,-92,5,5,6,3,0,5,7,7,1,-91,1,4,7,7,2,6,-80,3,4,5,5,2,6,-89,1,2,6,6,6,3,19,2,3,2,7,7,2,56,9,Lasagna,I thought this was interesting,0,14,8367262
2019-06-18 17:05:41,2019-06-18 17:12:39,0,100,418,1,2019-06-18 17:12:40,R_AuJO2GWeVnKPBtv,anonymous,EN,26,1,,2,,1,,34,13,2,6,3,2,7,4,1,2,7,1,6,1,7,7,7,3,6,7,5,5,4,5,5,6,4,5,4,4,11,12,10,11,11,12,13,11,12,12,11,13,11,12,12,13,9,10,5,4,3,5,22,2,5,4,1,0,7,7,7,3,0,3,5,4,6,1,3,8,5,4,3,4,29,3,7,2,3,5,4,-26,1,5,6,5,5,6,-11,1,4,3,4,4,5,0,8,I like pizza with extra pepperoni. It's my go-to choice.,,0,5,8312229
2019-06-18 17:00:21,2019-06-18 17:12:56,0,100,754,1,2019-06-18 17:12:56,R_w7B1ZySRQnISoq5,anonymous,EN,36,2,,1,,1,,36,13,2,5,3,3,6,6,7,6,2,4,3,5,6,5,6,4,6,5,7,7,7,7,5,5,6,4,4,4,9,8,10,9,12,13,10,11,10,8,13,13,14,13,12,12,13,12,7,6,4,5,0,2,6,4,3,-6,5,6,7,5,55,4,5,3,5,-58,1,6,7,6,5,5,-24,3,7,2,5,4,5,-17,1,4,5,5,7,3,-44,2,5,2,5,2,6,46,6,ice cream,,0,2,5675683
2019-06-18 16:55:18,2019-06-18 17:13:10,0,100,1071,1,2019-06-18 17:13:11,R_3OcdY3NkV4bhHKb,anonymous,EN,64,2,,1,,1,,50,50,4,4,4,4,5,4,5,4,7,3,7,7,5,4,5,1,6,3,3,3,3,3,1,4,4,4,2,2,14,8,14,11,8,14,11,8,14,8,10,10,12,10,10,10,14,14,3,4,5,6,100,1,7,3,2,0,6,6,6,3,100,2,2,2,6,0,1,7,3,5,4,6,-100,3,5,1,6,4,2,0,1,2,6,6,6,3,0,2,2,2,2,2,6,-40,7,salmon,,0,6,3449992
2019-06-18 16:58:46,2019-06-18 17:13:22,0,100,876,1,2019-06-18 17:13:23,R_21gHh8oppoHiOOo,anonymous,EN,62,2,,1,,1,,29,29,5,5,6,5,6,2,2,3,2,2,2,6,5,2,5,2,6,6,7,7,6,5,7,7,5,4,4,3,9,8,8,13,11,12,12,13,9,8,9,10,11,12,9,12,9,9,6,7,4,3,90,5,5,2,3,50,6,7,5,2,80,4,2,3,6,50,3,9,5,6,6,5,50,2,9,5,6,5,4,-50,1,5,7,6,5,5,65,1,7,3,1,2,7,81,7,Macaroni,thank you for the study,1,4,8921407
2019-06-18 17:02:21,2019-06-18 17:13:32,0,100,671,1,2019-06-18 17:13:33,R_2QKYKLVCvZD0zKE,anonymous,EN,45,2,,1,,1,,34,34,2,2,2,2,5,6,6,6,6,5,6,6,4,5,4,2,6,4,2,2,2,2,2,2,4,2,3,2,13,9,13,9,11,13,10,11,13,9,10,9,13,11,10,10,13,11,4,6,3,6,-36,6,2,4,4,-22,5,5,7,5,-19,2,5,6,5,-38,3,6,4,6,5,6,15,2,6,6,5,4,5,0,2,5,5,5,7,5,45,1,3,3,5,6,5,17,6,pizza,,1,20,1747651
2019-06-18 16:59:28,2019-06-18 17:15:26,0,100,957,1,2019-06-18 17:15:27,R_2ame6rWT7Zq5Iln,anonymous,EN,38,1,,1,,1,,50,13,1,1,1,1,7,7,7,6,5,7,7,7,5,5,5,4,7,5,5,5,5,5,1,3,3,3,3,3,10,9,9,10,12,13,13,10,10,9,12,12,10,10,9,9,12,13,6,5,5,6,4,5,6,7,3,7,5,6,7,2,-14,1,3,5,7,76,3,4,6,7,3,6,4,2,4,5,6,7,3,7,2,1,5,6,7,6,5,1,7,2,3,5,6,-77,6,Chicken Enchillada,,1,2,9233701
2019-06-18 16:55:46,2019-06-18 17:16:16,0,100,1229,1,2019-06-18 17:16:16,R_1k0QqWkPxXDk4SJ,anonymous,EN,62,1,,1,,5,,5,4,1,1,1,1,7,7,6,6,3,4,3,5,5,5,3,5,6,5,6,6,5,5,5,5,5,5,3,3,12,9,13,10,11,13,12,11,12,9,12,12,11,11,10,9,12,10,5,6,3,6,32,2,7,4,4,-40,5,5,7,4,11,6,6,6,2,-19,1,8,5,6,3,6,-29,3,8,2,6,6,5,-28,1,5,6,6,7,5,4,2,5,3,6,6,2,-19,7,My favorite food is t-bone steak.,n/a,0,22,1325041
2019-06-18 17:09:25,2019-06-18 17:16:37,0,100,432,1,2019-06-18 17:16:38,R_w0NxEEg4jJyAoRb,anonymous,EN,70,2,,1,,6,,50,11,7,7,7,7,1,1,1,1,7,7,7,7,1,1,1,1,6,6,6,7,6,6,6,5,6,6,4,4,9,12,10,11,10,10,10,12,12,13,12,13,10,10,9,11,9,11,5,6,4,4,94,2,5,6,1,89,6,5,5,5,100,1,2,2,7,100,1,6,6,6,2,4,-65,3,5,2,6,6,1,-13,1,3,5,3,6,4,-90,2,3,2,2,2,6,-77,9,cheese,no,0,24,6386331
2019-06-18 16:56:01,2019-06-18 17:17:07,0,100,1265,1,2019-06-18 17:17:07,R_1IslIEHuYC8XTgD,anonymous,EN,56,2,,1,,6,,50,37,2,5,1,2,7,3,6,4,7,7,7,7,1,1,1,1,3,6,3,5,1,1,1,2,2,1,2,2,12,9,13,9,9,14,10,8,13,8,10,10,9,9,8,8,10,10,1,3,5,7,100,2,7,7,1,80,6,7,5,5,90,1,2,1,7,91,1,7,5,5,3,7,-100,3,6,3,6,6,2,-80,1,4,6,6,5,5,-80,2,1,1,2,1,7,-41,7,Fries,,0,1,2287428
2019-06-18 16:52:32,2019-06-18 17:18:00,0,100,1528,1,2019-06-18 17:18:01,R_2Ez5KEZuYmoXcBw,anonymous,EN,56,1,,1,,6,,23,5,6,6,4,6,4,6,6,6,6,6,6,6,6,2,6,2,3,5,6,6,6,6,7,5,5,5,4,4,12,11,12,9,10,11,9,9,12,10,9,12,10,11,9,9,12,12,3,6,6,6,33,5,3,4,2,12,5,6,5,3,64,6,3,2,6,61,1,6,5,5,3,5,-28,3,5,5,3,3,3,-11,2,6,5,5,5,2,-73,2,2,2,3,6,6,-61,6,pizza,"I wish you people would define what you mean by ""groups.""  ""Some groups of people should be kept in their place,"" yes, criminals.  ""Some groups of people are superior to others,"" yes, smart, hard-working people are superior to the stupid and lazy.",0,10,507349
2019-06-18 17:05:23,2019-06-18 17:18:18,0,100,774,1,2019-06-18 17:18:19,R_3qKx1lbqGW5vPk3,anonymous,EN,33,1,,1,,1,,10,-6,3,3,3,3,5,5,3,5,3,5,3,3,5,5,5,5,6,6,6,6,6,6,5,3,3,3,3,3,9,10,9,11,12,12,9,9,10,10,12,10,13,10,12,10,12,12,7,7,1,1,0,3,5,6,2,0,1,1,7,1,0,1,2,1,7,0,3,4,7,7,1,1,0,2,4,3,5,7,2,0,2,1,1,1,7,1,0,1,1,1,2,1,7,0,9,wings,,1,19,4501243
2019-06-18 17:11:19,2019-06-18 17:18:58,0,100,458,1,2019-06-18 17:18:58,R_2CTBTNiKzZm253q,anonymous,EN,24,1,,6,,6,,50,43,6,4,6,3,6,7,5,6,4,7,7,7,7,3,7,7,7,7,5,6,7,6,7,5,7,6,5,5,10,13,14,12,14,10,13,14,12,14,12,14,11,14,13,14,12,14,7,6,7,5,61,1,4,2,1,100,7,7,7,6,100,1,7,5,4,25,1,4,1,3,2,2,-48,3,10,5,7,7,7,-29,1,6,6,7,4,5,71,2,7,7,7,7,7,100,7,Pizza,,0,22,7931527
2019-06-18 16:59:17,2019-06-18 17:19:14,0,100,1197,1,2019-06-18 17:19:15,R_3oKM6pejl0aEZpl,anonymous,EN,46,2,,1,,1,,30,30,4,4,5,5,5,6,6,4,5,5,5,5,6,4,6,3,5,5,6,5,5,4,5,5,4,5,4,3,12,8,12,9,11,12,10,10,12,9,11,12,12,12,11,12,10,11,4,4,5,5,-21,4,4,3,5,-40,5,5,5,6,20,3,4,4,5,4,3,7,4,4,5,5,17,2,7,4,5,5,5,2,1,4,5,5,5,5,11,2,4,5,5,5,5,7,7,Pizza,Good survey.,1,1,4801757
2019-06-18 16:55:06,2019-06-18 17:19:37,0,100,1470,1,2019-06-18 17:19:37,R_pc174HLQWZgyWQh,anonymous,EN,66,2,,1,,1,,34,50,5,6,6,5,3,3,3,3,6,6,6,6,3,2,3,2,6,6,7,7,7,7,3,5,5,5,4,4,13,9,13,10,10,13,9,9,13,9,9,10,10,10,9,10,12,12,5,6,3,5,-34,5,5,3,3,-84,3,5,6,2,-60,3,3,5,5,-74,3,5,6,6,2,5,58,2,4,5,3,3,3,75,2,1,3,5,6,2,83,1,1,2,5,6,5,75,6,pizza,,1,4,1750400
2019-06-18 16:57:27,2019-06-18 17:20:29,0,100,1382,1,2019-06-18 17:20:29,R_26a3BQwl2RGaT9h,anonymous,EN,62,2,,1,,1,,47,36,4,5,4,4,3,5,6,4,4,6,6,3,2,2,2,6,6,2,5,5,3,3,2,3,2,3,2,2,12,9,13,9,10,13,12,9,13,8,9,9,9,9,9,9,11,11,5,5,3,5,-1,6,2,1,4,-1,3,3,7,3,-1,6,5,6,3,-1,3,5,5,5,5,5,-1,2,4,7,2,2,5,-1,2,1,2,3,7,3,-1,1,4,3,5,6,3,-1,8,pizza,"Lucky coin. I don't care much who attempts to influence whom regarding politics. Each human being is responsible for their own choices and beliefs, regardless of who tries to influence them.",1,15,3475571
2019-06-18 16:55:33,2019-06-18 17:20:59,0,100,1526,1,2019-06-18 17:21:00,R_2fCzwaVpDWmpOKL,anonymous,EN,51,1,,1,,1,,32,50,7,7,7,7,3,7,4,2,7,7,7,7,2,1,1,1,3,5,4,6,5,3,3,7,7,6,4,3,8,13,12,8,8,9,8,8,14,8,8,10,11,8,12,8,12,13,7,6,1,7,-70,1,6,1,2,-75,7,6,7,3,89,1,7,6,3,-97,3,4,7,6,1,7,-57,2,4,1,5,1,2,-69,2,6,7,7,7,3,75,1,1,1,6,6,3,25,8,restaurant pizza,,1,3,4378762
2019-06-18 17:14:19,2019-06-18 17:21:07,0,100,408,1,2019-06-18 17:21:08,R_sUr9A76g8J9bYk1,anonymous,EN,38,1,,1,,8,,50,50,1,1,1,1,4,7,7,7,7,7,7,7,7,1,7,4,4,1,1,1,1,1,1,1,1,1,1,1,14,14,14,8,8,14,8,8,14,8,8,8,8,8,8,8,8,8,1,1,1,1,1,1,1,1,1,3,4,4,4,4,-5,1,1,1,1,2,1,4,1,1,1,1,0,2,4,1,1,1,1,0,3,1,1,1,1,1,-3,2,1,1,1,1,1,0,7,herring,,1,19,7598519
2019-06-18 17:00:27,2019-06-18 17:21:19,0,100,1252,1,2019-06-18 17:21:20,R_12eZ7C4BzeQXLZv,anonymous,EN,32,1,,1,,1,,29,-29,1,1,1,1,7,7,7,7,1,1,1,1,7,7,7,7,7,4,6,5,5,5,1,2,2,2,3,3,8,14,9,9,14,14,13,9,8,8,9,9,13,12,12,13,13,14,1,1,7,7,0,2,7,6,3,0,4,4,7,1,0,1,7,1,1,40,3,4,1,1,7,7,0,2,4,1,7,7,1,0,1,1,1,1,7,1,0,1,1,1,7,1,1,0,6,Pizza,"This was engaging and fun to participate in, I enjoyed this study.",1,13,2495724
2019-06-18 17:01:38,2019-06-18 17:21:48,0,100,1209,1,2019-06-18 17:21:49,R_1OiBPh0PtzyoY4Y,anonymous,EN,31,1,,1,,7,,9,9,4,4,6,4,4,4,4,2,5,4,5,3,3,4,4,2,6,4,2,2,2,2,2,2,2,2,2,2,13,9,11,8,9,13,10,10,13,9,8,8,8,8,8,8,8,11,2,6,2,6,0,2,6,4,2,0,6,6,6,2,-1,2,6,4,6,-7,3,4,6,6,2,2,-3,2,4,2,6,4,2,0,2,1,6,6,6,2,2,1,1,2,6,4,6,0,6,My favorite food is spaghetti,,1,23,2226374
2019-06-18 16:54:12,2019-06-18 17:22:52,0,100,1719,1,2019-06-18 17:22:52,R_21tXmSPyokMO7zZ,anonymous,EN,68,2,,1,,1,,38,50,4,7,7,1,6,4,6,6,7,7,7,7,5,2,1,1,5,7,6,7,6,6,1,4,3,2,4,5,14,8,13,8,10,14,9,8,14,8,8,9,11,10,9,9,11,9,3,4,7,6,91,2,7,7,3,-52,7,5,7,4,55,1,7,2,7,26,3,8,5,6,7,4,-72,3,6,2,7,6,4,-62,1,2,7,7,6,6,70,2,4,2,2,1,6,67,5,ice cream,,0,23,3237246
2019-06-18 17:10:36,2019-06-18 17:23:00,0,100,744,1,2019-06-18 17:23:01,R_3qxKXKjplUDeSFk,anonymous,EN,27,1,,1,,1,,-5,7,2,4,6,2,2,7,6,5,3,4,4,4,6,6,4,4,5,4,7,7,7,7,1,5,4,3,3,3,10,9,9,9,11,12,11,9,10,9,9,8,10,9,9,8,12,10,7,7,2,1,-100,7,3,5,4,-26,4,2,4,4,-31,2,3,2,5,-16,3,4,7,7,2,1,-100,2,4,7,4,5,4,-30,2,5,4,7,4,7,42,1,2,2,3,2,5,-22,8,nuts and bolts,,1,24,8330530
2019-06-18 17:04:23,2019-06-18 17:23:02,0,100,1118,1,2019-06-18 17:23:02,R_1rvIFwqTgi3olzI,anonymous,EN,25,2,,4,,4,,-17,-13,4,5,5,5,5,5,4,4,4,5,5,5,4,5,5,4,5,6,6,6,6,6,6,6,6,6,5,5,9,14,9,11,10,10,13,10,12,14,12,13,12,13,9,10,11,12,3,5,5,5,26,4,5,5,4,17,6,5,5,5,64,2,3,5,5,62,1,6,3,5,5,5,27,2,6,4,5,3,6,-73,1,2,6,5,5,5,-1,1,7,4,5,5,5,-67,7,Lasagna,,1,12,80170
2019-06-18 17:14:17,2019-06-18 17:23:03,0,100,525,1,2019-06-18 17:23:04,R_1hGwIWkWu2Ltccx,anonymous,EN,36,1,,1,,6,,27,-19,3,6,6,6,3,4,4,2,6,6,6,6,3,2,3,2,4,6,6,6,6,7,2,5,5,4,3,4,9,13,11,9,9,10,9,9,13,13,9,9,9,9,9,8,9,9,6,7,2,4,-3,6,1,5,6,0,2,2,6,2,-57,2,5,6,2,-1,3,5,6,7,4,6,0,2,4,7,2,5,7,0,2,1,2,2,7,2,0,1,1,2,6,6,2,0,7,Salmon,n/a,1,22,5539960
2019-06-18 17:12:58,2019-06-18 17:23:16,0,100,618,1,2019-06-18 17:23:16,R_3j8aVHGPtnsbCFe,anonymous,EN,30,2,,1,,1,,10,-3,3,5,6,4,5,4,4,3,5,2,5,5,4,2,2,3,6,3,5,5,5,3,2,2,2,2,4,3,8,13,13,8,13,9,10,8,9,12,9,8,12,8,8,8,12,9,6,6,2,4,15,6,2,6,6,-54,6,6,2,5,18,2,2,6,6,8,3,4,6,6,2,5,-15,2,4,6,2,5,6,-59,2,4,6,5,2,5,-19,1,1,2,2,6,6,-24,7,pizza,,1,19,6051130
2019-06-18 17:00:46,2019-06-18 17:23:22,0,100,1356,1,2019-06-18 17:23:23,R_vqoAqEp4m8N9ED7,anonymous,EN,55,2,,1,,1,,-5,-2,1,3,3,1,6,5,7,6,4,4,3,5,7,5,6,3,6,5,5,5,6,6,6,3,3,3,3,3,12,9,10,8,9,13,12,9,8,8,9,9,12,11,9,9,13,13,6,6,4,4,0,6,3,5,5,-19,4,3,6,4,33,2,2,5,6,-14,3,4,5,6,2,5,0,2,4,6,3,3,4,0,2,1,3,3,6,3,22,2,1,2,3,6,5,-17,6,Tacos,,1,21,4502576
2019-06-18 17:20:10,2019-06-18 17:25:28,0,100,317,1,2019-06-18 17:25:28,R_3qwb5JnnEou7Ndc,anonymous,EN,22,1,,2,,1,,48,47,5,6,5,6,3,3,5,3,5,3,4,5,5,4,6,5,5,4,5,3,6,5,4,6,6,5,4,3,12,10,10,11,9,10,12,12,11,13,9,11,10,10,11,9,10,10,5,6,4,5,31,5,5,4,4,56,5,3,3,5,-34,5,6,5,5,3,3,10,4,7,4,5,53,2,9,5,5,4,6,35,2,3,5,5,6,3,-31,2,5,4,4,5,3,10,7,i love pizza,,1,12,8446380
2019-06-18 17:15:38,2019-06-18 17:26:16,0,100,637,1,2019-06-18 17:26:16,R_2zXPbpinOJ6jxZf,anonymous,EN,42,1,,2,,1,,-43,-29,6,6,6,7,4,2,4,4,6,5,6,5,2,4,4,2,6,5,6,6,6,7,6,5,7,7,4,4,14,8,9,11,8,14,13,11,14,8,14,9,12,12,10,11,12,12,4,5,5,4,15,5,4,4,5,25,4,4,6,5,15,4,5,5,5,36,1,8,5,6,2,4,-12,3,8,5,5,4,4,4,2,4,4,5,4,5,3,2,4,4,5,5,4,29,8,Pizza,,0,7,4208643
2019-06-18 17:10:11,2019-06-18 17:27:14,0,100,1023,1,2019-06-18 17:27:15,R_1pxsjSyTYqGslmb,anonymous,EN,37,1,,1,,1,,46,46,6,6,7,6,3,2,3,2,7,7,7,7,2,2,4,7,7,6,5,5,5,5,5,6,6,6,4,4,13,9,9,13,13,13,13,12,13,12,13,13,13,13,14,14,13,13,5,6,6,5,-16,4,4,5,5,-17,6,6,5,5,-37,5,6,5,3,-57,1,8,6,6,5,5,-13,2,9,6,5,5,5,-10,2,5,5,6,6,6,-20,1,6,4,5,5,5,-11,9,My favorite food is pizza.,thanks,1,21,5529692
2019-06-18 17:13:50,2019-06-18 17:27:49,0,100,838,1,2019-06-18 17:27:49,R_1QaAcI4UNj4xKYx,anonymous,EN,39,1,,4,,7,,50,28,7,7,7,7,1,1,1,1,7,1,7,7,1,1,1,1,2,1,4,3,2,6,1,4,5,3,2,2,13,14,14,14,8,8,14,14,13,14,12,9,8,8,8,8,8,8,7,7,1,2,-24,3,6,5,3,-21,4,1,7,3,-23,5,2,2,5,-61,3,7,3,6,6,6,0,2,4,3,5,6,3,0,2,4,5,5,4,5,0,1,4,5,5,6,3,0,7,pizza,,1,14,3298213
2019-06-18 17:12:58,2019-06-18 17:28:18,0,100,919,1,2019-06-18 17:28:18,R_vOKHZqpldzXNtCN,anonymous,EN,57,1,,1,,8,Jewish,47,-27,1,1,1,1,6,6,6,6,2,1,1,2,6,6,6,6,7,5,2,2,2,3,2,3,7,5,2,2,9,9,9,9,13,14,13,9,10,8,9,8,8,8,8,8,11,13,6,7,2,2,0,7,4,3,4,0,6,6,5,2,0,1,6,2,6,-61,1,4,6,6,2,2,6,3,4,7,2,2,2,0,1,1,7,6,6,2,-7,2,1,2,6,2,6,0,8,Italian food,,0,14,6203351
2019-06-18 17:14:52,2019-06-18 17:28:23,0,100,810,1,2019-06-18 17:28:23,R_2V1q7EzeJ34uCA9,anonymous,EN,58,2,,1,,1,,19,19,1,1,1,1,6,6,6,6,3,4,4,4,6,6,6,6,5,2,5,5,5,5,4,4,3,3,3,3,13,8,12,8,8,14,11,9,13,8,11,12,13,12,9,11,14,14,5,5,4,5,0,2,6,6,4,0,6,6,4,4,0,1,4,2,6,0,3,4,4,5,5,6,0,2,4,2,6,6,4,0,1,1,6,6,4,4,0,1,1,2,4,2,6,0,7,Steak,,1,8,4636631
2019-06-18 17:12:52,2019-06-18 17:28:24,0,100,931,1,2019-06-18 17:28:24,R_1BRhaGG3QWMv2DP,anonymous,EN,26,2,,1,,1,,50,50,1,3,4,1,5,3,5,4,4,4,5,5,5,4,5,6,6,2,4,6,5,4,2,4,3,4,3,3,12,8,12,11,11,12,9,11,12,8,9,9,10,9,8,8,12,9,2,4,5,5,100,1,6,6,1,100,5,6,3,5,17,3,2,4,7,100,1,10,5,6,2,3,-100,3,9,3,6,5,4,-100,1,4,5,4,5,5,-48,2,4,3,3,4,5,-4,8,tacos,,0,4,1404133
2019-06-18 17:24:47,2019-06-18 17:28:30,0,100,223,1,2019-06-18 17:28:30,R_1qb5mKSqSyKk2vR,anonymous,EN,23,1,,3,,1,,-46,-17,5,6,5,7,4,6,5,6,4,4,5,5,6,6,4,5,5,5,5,6,7,6,4,6,5,5,4,3,10,13,11,13,11,11,13,11,13,14,12,12,13,14,11,11,12,13,4,5,5,5,33,4,5,6,5,69,4,4,3,5,53,5,4,5,5,29,1,8,6,5,7,4,95,1,8,4,4,6,5,28,2,5,5,6,4,5,-37,3,5,4,5,5,6,30,8,Pizza with ranch.,,1,12,6953750
2019-06-18 16:52:08,2019-06-18 17:28:32,0,100,2184,1,2019-06-18 17:28:33,R_10uzGh4ADrUCVyk,anonymous,EN,26,1,,3,,1,,40,40,2,1,1,1,7,6,2,6,1,2,1,1,7,7,7,7,6,6,6,6,6,6,1,5,6,6,4,4,14,8,8,11,8,14,13,11,14,8,9,8,11,11,8,8,8,13,5,5,5,5,20,6,6,5,5,68,6,6,6,2,82,5,4,6,5,61,3,9,5,5,6,6,41,2,9,4,5,6,5,51,2,6,5,5,4,5,61,2,4,6,5,4,6,64,10,SALAD,,1,7,9718765
2019-06-18 17:08:30,2019-06-18 17:28:40,0,100,1210,1,2019-06-18 17:28:41,R_2zkmr9AtxUb9l51,anonymous,EN,57,1,,1,,6,,-13,34,4,6,6,7,4,4,6,4,6,6,5,6,4,5,4,4,6,5,5,5,5,5,6,6,6,6,3,3,13,14,8,11,12,14,12,11,11,14,13,13,12,12,10,10,10,10,6,7,4,2,0,7,1,1,7,-60,3,6,6,3,0,4,7,7,1,0,3,4,6,7,1,3,0,2,4,7,1,1,7,-60,2,1,2,7,7,1,0,1,1,4,7,7,1,0,9,fried chicken strips,,1,3,5592408
2019-06-18 17:25:26,2019-06-18 17:29:50,0,100,264,1,2019-06-18 17:29:51,R_1DUVnttAMdVqVDA,anonymous,EN,35,2,,1,,1,,50,49,7,7,7,7,7,7,7,7,7,7,1,7,7,7,7,7,7,7,7,7,7,7,7,7,7,7,5,5,14,14,14,14,14,14,14,14,14,14,8,8,8,8,8,8,8,8,7,7,7,7,3,7,7,7,7,-4,7,7,7,7,-4,7,7,7,7,0,3,10,7,7,7,7,0,2,10,7,7,7,7,0,1,7,7,7,7,7,-3,2,7,7,7,7,7,0,8,TACOS,,0,4,5916979
2019-06-18 17:23:16,2019-06-18 17:30:11,0,100,415,1,2019-06-18 17:30:11,R_1IGgLiOl254AZBv,anonymous,EN,38,1,,1,,1,,50,50,5,5,5,5,4,3,4,3,5,4,5,5,4,3,4,3,5,5,5,5,5,5,4,5,5,5,3,3,12,10,10,10,10,12,11,9,10,9,11,11,11,11,9,9,9,9,5,3,3,4,-15,4,5,5,4,-30,2,3,6,3,-49,4,5,4,4,-17,3,4,4,5,2,5,6,2,4,2,2,6,4,34,1,3,3,4,6,2,72,2,1,4,4,4,4,-31,7,pizza,,1,20,2127076
2019-06-18 17:19:39,2019-06-18 17:30:19,0,100,639,1,2019-06-18 17:30:19,R_2ampD7CtPyRvvaV,anonymous,EN,51,1,,1,,1,,50,40,2,5,5,3,6,4,7,3,7,7,6,6,6,5,3,2,6,2,2,2,2,2,2,2,2,2,2,2,14,8,14,8,8,14,8,8,14,8,8,8,8,8,8,8,14,14,7,7,2,3,-83,7,1,2,3,0,2,2,7,1,0,1,3,7,7,0,1,9,6,6,1,2,0,2,4,7,1,1,1,0,1,1,2,6,6,5,0,1,1,1,1,1,7,0,5,spagetti,,1,6,410197
2019-06-18 17:23:39,2019-06-18 17:31:06,0,100,447,1,2019-06-18 17:31:07,R_TubSo3x9M39RyAp,anonymous,EN,45,1,,1,,1,,25,26,4,4,5,2,6,4,6,4,4,4,6,4,6,6,5,4,6,6,6,6,6,6,6,6,6,6,4,4,13,9,13,9,9,13,9,9,13,9,9,9,9,9,9,9,9,9,6,6,2,6,-1,6,2,2,2,-4,6,7,6,3,11,1,3,1,7,-2,1,7,6,6,2,2,3,3,7,6,2,2,2,-4,1,4,6,6,6,2,3,2,4,1,5,2,7,-1,7,hamburger,,0,23,1807735
2019-06-18 16:57:56,2019-06-18 17:31:22,0,100,2005,1,2019-06-18 17:31:22,R_2zdtULgoOUNzQeU,anonymous,EN,28,2,,3,,1,,25,40,1,2,1,1,7,7,7,4,2,2,1,7,7,7,7,7,6,6,6,6,6,6,6,5,6,5,4,4,14,8,10,12,9,14,13,12,13,8,9,11,11,11,9,9,9,11,4,4,4,4,61,4,6,5,4,40,6,6,5,5,60,5,4,5,5,81,3,8,4,4,4,4,40,2,8,5,5,6,4,50,1,6,6,5,5,6,39,2,5,4,6,5,5,62,10,RICE,,0,10,3145084
2019-06-18 17:21:39,2019-06-18 17:31:40,0,100,600,1,2019-06-18 17:31:40,R_1QErlb19zlGx21I,anonymous,EN,27,1,,2,,6,,20,-26,6,6,6,6,2,4,5,4,4,2,4,2,5,5,4,4,6,6,6,6,6,6,2,6,6,6,5,5,8,14,8,8,14,8,14,14,8,14,14,12,8,8,8,8,8,8,7,7,1,1,-100,6,2,2,6,0,6,6,7,1,0,1,7,1,1,0,1,4,7,7,1,1,-100,3,4,7,1,1,7,0,1,7,6,6,7,2,100,2,1,1,7,1,1,0,9,BBQ ribs,,0,16,3180923
2019-06-18 17:13:55,2019-06-18 17:31:51,0,100,1076,1,2019-06-18 17:31:51,R_1EhweDDrfWlvFUT,anonymous,EN,54,1,,1,,1,,4,-3,3,7,6,4,6,3,6,3,6,5,4,4,7,3,6,5,6,5,5,3,2,3,4,2,5,4,2,2,9,8,11,9,11,14,13,9,10,8,8,9,11,9,8,9,13,9,3,5,4,6,0,3,4,6,5,2,4,6,6,4,50,1,1,1,7,100,1,4,4,4,4,4,0,3,4,4,4,4,4,0,1,1,4,4,4,4,1,2,1,4,4,4,4,0,5,Eggs,,0,4,1798145
2019-06-18 17:20:20,2019-06-18 17:32:06,0,100,705,1,2019-06-18 17:32:06,R_1JL1T12LQLeIRS5,anonymous,EN,41,2,,1,,1,,50,46,1,5,7,6,6,7,5,6,1,6,1,1,7,5,6,7,7,3,6,6,7,7,7,7,5,6,5,3,13,12,14,14,13,14,14,13,13,13,12,14,14,13,12,13,14,13,5,7,6,6,51,5,5,7,6,-26,5,6,6,6,58,5,3,6,3,10,3,9,5,3,3,4,28,2,9,6,5,5,1,24,1,6,6,5,5,6,33,3,3,5,4,4,3,22,7,lemons,great survey,1,16,7328383
2019-06-18 16:50:52,2019-06-18 17:32:18,0,100,2486,1,2019-06-18 17:32:19,R_3Od1gOOwMp5m8Wn,anonymous,EN,25,1,,1,,1,,37,37,7,1,7,7,1,1,1,1,7,7,7,7,1,1,1,1,6,7,7,7,7,7,7,7,7,7,5,5,14,8,12,13,11,14,12,12,13,8,12,12,12,11,8,8,8,11,6,6,4,5,-59,7,1,1,7,-91,2,3,5,6,-63,7,7,1,1,-100,1,8,4,7,2,6,17,2,4,7,1,1,7,-89,1,4,4,4,4,4,22,1,7,1,2,1,7,91,7,"My favorite food is pizza and I always ask for extra sauce, extra cheese, pepperoni, bacon, ham, green peppers, onions, with extra marinara sauce drizzled on or to dip in.","Thank you ",1,14,9431560
2019-06-18 17:25:20,2019-06-18 17:32:25,0,100,424,1,2019-06-18 17:32:25,R_1CHeGqKIupGAp0R,anonymous,EN,37,1,,1,,5,,41,41,1,1,1,1,7,7,7,6,1,2,1,1,7,6,7,7,7,2,5,5,6,5,6,7,5,6,5,5,8,14,10,9,13,9,11,10,8,14,14,14,14,14,8,8,8,8,7,7,1,4,-73,7,1,1,7,-81,7,7,7,4,36,7,7,1,7,59,3,4,7,7,6,2,49,2,4,7,1,1,7,-66,1,1,7,7,7,1,55,2,1,1,5,1,7,29,9,I like pizza,,1,18,5824401
2019-06-18 17:27:34,2019-06-18 17:33:42,0,100,367,1,2019-06-18 17:33:42,R_a4BU2arXat9xgOt,anonymous,EN,42,2,,1,,1,,13,13,5,6,6,5,5,4,5,5,4,5,6,5,4,6,6,5,4,4,5,6,5,4,4,5,6,5,3,3,11,12,13,13,12,11,12,13,12,11,11,12,13,12,11,12,13,13,5,5,4,6,35,6,5,4,5,40,6,5,4,5,47,5,4,6,5,42,1,7,5,5,4,6,39,1,7,5,4,6,5,53,1,4,6,6,4,5,48,1,4,6,5,5,4,41,7,sandwitch,nothing,0,19,3568796
2019-06-18 17:11:11,2019-06-18 17:34:10,0,100,1378,1,2019-06-18 17:34:10,R_2SBIsoSgtDOzcMM,anonymous,EN,49,2,,1,,5,,30,-6,2,3,5,1,6,7,6,6,2,5,4,5,6,5,5,5,5,5,5,5,5,5,2,3,3,3,3,4,11,12,12,9,9,11,9,9,9,12,9,9,12,8,8,8,12,13,4,5,3,2,9,2,5,4,2,-42,5,6,6,2,20,3,5,3,5,13,1,4,6,6,2,2,11,3,4,2,5,4,2,-21,1,5,5,6,6,2,-9,2,4,2,3,2,4,32,7,Pizza,,0,16,9911824
2019-06-18 17:05:23,2019-06-18 17:34:10,0,100,1726,1,2019-06-18 17:34:11,R_2QPwfrGv0oaQYso,anonymous,EN,43,2,,1,,1,,13,0,5,7,7,5,3,1,5,1,5,6,7,7,4,3,4,1,6,6,6,6,7,6,3,6,7,7,3,4,8,9,10,8,13,9,12,8,8,10,12,13,8,10,8,8,10,11,6,7,5,2,-40,3,6,4,2,100,3,6,6,6,80,1,5,5,2,80,3,10,6,5,5,3,-100,3,10,3,6,5,5,-60,1,7,5,2,6,1,-80,2,6,2,5,5,3,-40,7,I love a good Filet Mignon!,,0,22,7267588
2019-06-18 17:13:39,2019-06-18 17:34:53,0,100,1273,1,2019-06-18 17:34:54,R_cXWdZ07o7S7s2w9,anonymous,EN,60,2,,1,,1,,45,36,2,4,4,2,5,5,6,7,5,7,2,5,6,6,3,3,6,5,5,5,5,5,6,3,6,3,3,3,13,9,12,9,9,13,12,9,13,9,12,12,12,12,10,12,14,14,6,5,5,6,-80,2,5,6,5,-60,6,5,6,5,-50,2,3,2,6,-20,3,5,5,6,6,6,80,2,5,2,5,6,5,-50,2,3,6,6,6,5,80,1,2,2,3,2,6,40,6,pasta,,1,21,6056518
2019-06-18 17:17:10,2019-06-18 17:36:48,0,100,1177,1,2019-06-18 17:36:48,R_pz4vRO1eqYzGCAN,anonymous,EN,57,2,,4,,1,,32,40,4,5,5,4,5,4,5,3,5,5,6,6,6,3,4,4,6,4,3,3,3,3,3,3,2,2,2,2,12,8,13,9,10,13,10,9,13,8,9,10,11,12,11,11,12,12,6,6,2,4,-81,6,2,3,6,-79,3,3,6,2,0,6,6,6,2,-94,1,6,6,6,2,4,-5,2,7,5,5,3,5,-21,2,5,5,4,6,3,19,1,5,2,5,4,3,34,7,sushi,,1,19,3324283
2019-06-18 17:27:08,2019-06-18 17:36:59,0,100,591,1,2019-06-18 17:37:00,R_D5yO8tTfErTjUqZ,anonymous,EN,21,1,,1,,1,,26,-15,2,2,3,3,5,7,6,6,2,2,2,3,6,6,6,6,7,6,7,6,6,7,6,7,6,6,4,4,13,9,10,10,9,13,9,10,13,9,12,13,12,13,10,9,12,13,6,6,1,3,-79,1,7,6,1,0,5,7,3,6,50,6,6,6,3,-100,3,5,6,6,1,2,-8,2,4,1,7,6,1,2,1,2,6,7,3,6,41,1,5,1,3,5,5,57,9,chicken,,1,23,118138
2019-06-18 17:34:39,2019-06-18 17:37:47,0,100,187,1,2019-06-18 17:37:48,R_3e5f4r2aElK2rzx,anonymous,EN,29,1,,1,,1,,14,22,7,6,2,3,1,6,2,7,1,1,7,6,6,4,7,4,5,6,1,2,3,1,1,4,4,6,3,4,13,13,11,11,12,8,8,10,13,8,9,8,12,8,14,8,12,8,4,1,5,3,-23,3,7,1,2,56,7,1,2,3,41,5,4,3,5,30,1,10,5,4,7,1,33,2,5,1,1,1,7,-25,2,3,2,1,2,7,-38,2,1,2,2,1,5,14,6,Pizza,,0,15,110788
2019-06-18 17:26:44,2019-06-18 17:38:20,0,100,695,1,2019-06-18 17:38:21,R_SJHrstTDcQfL4R3,anonymous,EN,64,1,,1,,1,,18,27,4,4,2,6,4,5,5,5,5,3,6,4,2,5,5,3,6,4,3,3,2,4,1,1,4,3,3,2,12,8,10,11,13,13,12,11,12,10,11,10,10,10,11,12,10,12,4,4,5,1,77,2,2,4,3,78,5,2,1,3,82,2,5,5,2,89,1,8,4,3,6,2,61,2,9,6,5,4,1,76,1,6,7,4,6,6,72,2,6,6,7,5,3,62,7,Pizza,none,0,4,3762755
2019-06-18 17:20:12,2019-06-18 17:38:42,0,100,1110,1,2019-06-18 17:38:43,R_3COxO5FDYAZl7Yw,anonymous,EN,44,2,,1,,1,,21,0,2,2,4,2,7,5,5,5,3,3,3,4,6,4,4,4,4,5,5,5,5,5,6,4,4,4,3,3,13,8,11,8,11,14,11,10,13,8,11,11,11,11,10,10,11,11,7,7,1,7,-64,5,4,1,5,-28,2,4,7,2,-48,4,4,4,5,-68,3,4,7,7,1,3,-47,2,4,6,4,2,6,-32,2,1,1,3,7,1,-41,1,1,3,5,4,3,-31,9,Nachos,n/a,1,16,8278979
2019-06-18 17:23:48,2019-06-18 17:39:13,0,100,925,1,2019-06-18 17:39:14,R_117RuKVUYCbSYha,anonymous,EN,56,1,,1,,1,,49,48,1,2,2,1,7,7,7,7,2,2,2,2,6,6,7,7,7,4,6,3,4,2,1,5,5,6,3,2,14,8,13,11,9,14,11,8,13,8,12,13,14,13,10,10,14,14,6,6,4,3,68,7,5,3,6,-61,6,7,7,2,70,6,3,7,2,-93,1,6,6,6,6,2,-64,3,5,7,5,2,6,13,1,3,7,7,7,2,11,2,6,1,7,3,7,66,7,pizza,ty,0,24,1080793
2019-06-18 17:24:00,2019-06-18 17:39:27,0,100,927,1,2019-06-18 17:39:28,R_3gZXU7OJFTABhaY,anonymous,EN,41,2,,1,,5,,50,50,3,3,6,7,6,3,1,6,5,2,2,7,7,6,3,6,6,7,6,7,7,6,7,6,6,7,4,4,12,13,12,13,14,13,13,14,14,8,12,9,9,12,9,12,12,8,6,7,5,5,100,7,3,2,5,99,5,6,7,6,100,5,5,6,5,69,3,4,5,6,5,6,92,2,4,7,5,6,5,76,1,1,6,6,7,1,97,1,1,6,7,5,6,99,7,watermelon,"enjoyed the survey. thanks ",1,24,1321341
2019-06-18 17:31:27,2019-06-18 17:40:09,0,100,521,1,2019-06-18 17:40:09,R_cSlO9QmaFbXFCDf,anonymous,EN,39,2,,3,,1,,-21,32,1,3,1,1,7,5,7,5,3,4,5,6,5,5,7,6,5,2,5,5,5,4,2,6,6,5,2,2,13,8,12,9,8,13,10,8,14,8,9,9,8,8,8,8,14,14,5,7,2,6,11,7,3,1,7,-45,5,5,7,2,0,2,1,6,2,27,3,6,5,7,2,6,0,2,5,7,2,1,7,-3,2,4,2,4,7,3,-10,1,1,2,1,5,1,-4,6,ice cream,,1,9,6497365
2019-06-18 17:27:15,2019-06-18 17:40:20,0,100,784,1,2019-06-18 17:40:20,R_3mh3xH5xUNRk2n9,anonymous,EN,56,1,,1,,1,,1,45,1,1,1,2,7,2,7,5,6,3,6,7,5,4,3,2,7,3,5,5,5,6,1,2,3,3,3,3,14,8,13,9,8,14,12,9,14,8,9,8,12,10,10,10,13,11,6,7,1,5,-68,3,5,6,2,-78,1,2,7,1,-80,1,2,2,7,-84,3,7,5,7,2,6,0,2,4,2,6,6,2,-6,2,7,1,5,7,1,15,1,1,1,2,2,7,41,6,Spaghetti,,1,24,8392817
2019-06-18 17:18:03,2019-06-18 17:40:20,0,100,1336,1,2019-06-18 17:40:21,R_32QOujZEHhXl24b,anonymous,EN,60,2,,1,,1,,34,26,1,4,2,1,6,6,6,6,4,5,4,4,6,6,6,4,6,5,4,5,5,4,3,3,3,3,3,1,13,9,10,9,9,9,9,9,13,9,8,9,12,9,10,10,13,13,5,6,5,5,0,4,6,4,5,0,6,6,5,3,0,2,6,2,6,0,1,4,5,6,6,6,0,3,4,5,6,4,5,0,1,1,6,6,6,5,0,2,1,2,6,5,6,0,6,cheeseburgers,,0,10,3279220
2019-06-18 17:14:23,2019-06-18 17:40:33,0,100,1570,1,2019-06-18 17:40:34,R_3GuYNryxWYAi1kP,anonymous,EN,49,2,,1,,5,,30,31,2,5,5,3,6,3,6,3,5,2,2,5,3,3,5,3,5,5,6,5,5,5,5,5,3,5,3,3,13,8,12,9,9,13,9,9,13,8,10,9,10,9,10,10,12,12,3,5,2,6,0,6,5,3,5,-78,6,3,6,2,0,2,6,6,2,0,1,4,2,5,3,6,0,3,4,6,6,5,2,0,1,1,6,3,6,2,0,2,1,2,6,6,6,0,7,lasagna,,0,17,4234677
2019-06-18 17:29:17,2019-06-18 17:41:29,0,100,731,1,2019-06-18 17:41:30,R_3shT1p1GL573wOP,anonymous,EN,59,2,,1,,6,,29,38,2,2,2,2,6,6,6,6,2,2,2,6,6,6,6,6,6,5,4,4,4,4,3,3,2,2,3,3,13,8,10,9,9,14,10,9,13,8,9,11,11,11,9,9,9,9,5,5,5,5,-62,5,4,4,5,-41,6,7,5,7,20,4,5,6,5,-50,1,4,5,5,5,5,-41,3,4,5,6,6,6,-21,1,1,6,7,5,6,-41,2,4,6,6,6,6,0,5,Italian,,0,1,1282023
2019-06-18 17:31:33,2019-06-18 17:42:37,0,100,664,1,2019-06-18 17:42:37,R_s59rdDL4Rd1tJZv,anonymous,EN,37,2,,1,,1,,11,0,4,4,4,4,4,4,4,4,4,4,4,4,4,4,4,4,5,6,4,4,4,4,4,4,4,4,3,2,11,11,12,10,12,11,11,10,11,11,11,11,11,11,11,11,11,11,6,6,5,6,-30,3,5,4,4,0,5,5,6,5,0,3,4,4,5,0,3,4,6,6,5,4,-30,2,5,4,4,4,4,0,2,6,6,5,6,5,61,1,6,4,4,6,2,-20,6,lasagna,,1,4,3881099
2019-06-18 17:34:44,2019-06-18 17:43:36,0,100,531,1,2019-06-18 17:43:37,R_1oGzhIFNFc07Yal,anonymous,EN,24,2,,1,,1,,50,49,5,5,5,6,3,3,2,3,6,5,6,5,3,3,3,2,6,5,6,5,6,5,5,3,2,3,3,4,12,13,13,9,10,10,10,9,9,12,10,12,9,10,10,9,10,10,6,6,1,5,46,1,7,6,1,21,3,6,6,3,60,1,6,5,3,-15,3,5,6,5,1,5,31,2,4,1,7,6,1,-51,1,3,5,5,6,5,52,1,1,1,6,5,1,-39,8,My favorite food is sushi,,1,23,8998395
2019-06-18 16:59:09,2019-06-18 17:43:38,0,100,2669,1,2019-06-18 17:43:39,R_3fPMO3trygPBzGR,anonymous,EN,,2,,1,,1,,,,7,7,6,6,6,7,6,4,7,2,6,4,6,6,2,6,6,6,7,6,6,7,6,6,7,6,5,5,11,13,14,13,13,13,14,13,13,13,13,14,14,13,13,13,14,10,6,6,6,5,81,6,6,7,6,91,7,6,5,6,82,6,6,6,7,80,1,10,6,6,7,3,80,1,9,6,7,6,7,80,1,7,6,7,6,6,80,1,6,7,2,6,3,80,9,chicken fry,N/A,0,5,4772741
2019-06-18 17:27:10,2019-06-18 17:44:35,0,100,1045,1,2019-06-18 17:44:35,R_332zpzroQ2yS3JK,anonymous,EN,32,1,,1,,1,,-38,3,2,2,2,2,6,6,6,6,2,3,2,2,6,6,6,6,6,5,5,6,5,5,3,3,2,2,3,3,12,10,10,10,9,12,10,9,10,10,12,13,12,12,11,10,12,11,5,5,3,5,6,3,5,5,2,-2,5,5,6,3,0,3,5,5,5,-61,1,5,6,6,3,5,0,3,5,3,5,3,3,2,1,5,6,6,5,5,70,2,4,2,5,5,5,52,8,Pizza,,0,14,5602635
2019-06-18 17:31:53,2019-06-18 17:44:38,0,100,764,1,2019-06-18 17:44:39,R_2YtSFc3WkFVv4Ta,anonymous,EN,34,1,,3,,5,,34,35,5,5,6,6,2,2,3,2,7,7,7,7,5,2,3,1,4,2,6,6,6,6,2,4,5,3,2,4,14,8,14,8,8,14,8,8,14,8,8,8,8,8,8,8,8,11,7,7,1,1,-15,2,7,7,1,10,7,7,7,5,25,1,2,2,7,0,1,7,7,7,2,2,-12,3,4,1,7,7,1,0,1,1,7,7,7,7,0,2,4,1,2,1,7,0,7,My favorite food is chicken.,,0,7,9716178
2019-06-18 17:22:18,2019-06-18 17:44:42,0,100,1344,1,2019-06-18 17:44:43,R_4OugHwii6b9eiEF,anonymous,EN,69,2,,1,,1,,50,37,2,6,6,5,6,4,6,4,6,6,6,6,4,5,3,2,5,3,2,2,2,1,1,5,5,5,3,2,12,8,10,8,9,13,13,9,12,8,8,8,8,8,8,8,8,8,7,6,1,1,-100,1,7,7,7,-100,6,7,6,7,0,1,3,4,7,100,3,5,7,7,1,7,-60,2,5,1,7,7,5,-22,2,3,6,7,7,7,0,1,4,3,5,4,6,-62,8,ice cream,,1,23,9444869
2019-06-18 17:29:16,2019-06-18 17:45:13,0,100,957,1,2019-06-18 17:45:13,R_emQGWqVMzh3nHDH,anonymous,EN,32,1,,1,,1,,39,42,6,6,6,7,5,2,5,3,5,4,6,6,4,4,3,3,5,6,7,7,7,7,3,6,5,5,5,5,8,14,8,12,14,8,14,14,9,14,13,12,12,13,8,8,12,9,6,7,3,4,31,3,6,4,5,-55,7,7,6,5,88,3,2,6,7,48,1,9,5,5,4,4,-40,3,8,4,2,2,6,-58,1,6,5,5,5,3,-49,2,5,5,5,6,5,-45,9,Pizza,,0,24,8981254
2019-06-18 17:34:30,2019-06-18 17:46:46,0,100,735,1,2019-06-18 17:46:46,R_2V9E3dcT2WubzcE,anonymous,EN,35,1,,1,,1,,8,7,2,1,2,1,5,6,7,7,3,3,5,3,5,5,4,7,4,6,6,6,6,6,6,5,4,4,3,3,14,8,14,11,8,14,12,9,14,8,9,9,9,9,9,9,9,9,7,7,1,7,0,7,7,7,1,0,1,7,7,1,0,1,7,7,1,0,1,4,7,7,1,7,0,3,4,7,7,7,1,0,1,1,1,7,7,1,0,2,1,1,7,7,7,0,6,Burrito,Thanks,0,18,9720713
2019-06-18 17:21:06,2019-06-18 17:46:59,0,100,1552,1,2019-06-18 17:46:59,R_3iKelj0ACBxLJIx,anonymous,EN,39,2,,1,,1,,30,50,2,1,2,2,6,7,6,7,4,3,4,4,4,5,3,4,6,3,4,3,2,2,4,3,2,2,3,2,13,8,13,10,8,14,10,9,13,8,11,10,12,11,10,10,12,11,4,5,4,6,9,5,3,2,5,0,4,4,6,5,18,4,5,5,4,13,1,9,6,6,4,4,-78,3,5,5,3,2,6,-14,1,3,3,4,6,4,-13,2,3,4,6,5,4,-6,8,Chicken enchiladas with sour cream sauce,,0,7,3537941
2019-06-18 17:00:56,2019-06-18 17:47:28,0,100,2791,1,2019-06-18 17:47:28,R_1OOccTes9PCZphY,anonymous,EN,36,1,,1,,1,,42,42,1,2,2,3,3,5,7,4,2,7,5,5,7,6,7,5,7,7,7,7,7,7,5,5,4,4,4,4,13,8,13,8,9,13,9,9,13,8,9,9,13,9,13,13,11,11,2,6,4,7,20,7,7,2,2,-5,7,7,6,5,20,2,5,4,6,-20,1,4,2,6,6,6,-5,3,4,7,6,2,2,-5,1,1,6,6,6,6,-5,1,1,2,3,6,6,0,7,Lasagna,,0,16,944657
2019-06-18 17:22:45,2019-06-18 17:47:59,0,100,1513,1,2019-06-18 17:48:00,R_1dB7lvYZ00XCSpf,anonymous,EN,44,2,,1,,1,,29,29,5,5,5,5,6,5,5,4,4,3,2,5,4,5,4,3,6,5,6,6,5,5,4,4,3,4,5,4,14,8,10,8,11,14,12,9,11,8,12,12,11,10,9,9,12,11,4,5,7,6,-40,3,4,5,6,-82,7,7,3,6,60,6,4,6,5,0,3,4,4,5,6,6,-73,2,4,2,4,5,5,-62,2,1,7,6,5,6,-2,3,1,3,4,6,4,0,7,pizza,,1,13,40204
2019-06-18 17:23:57,2019-06-18 17:48:32,0,100,1475,1,2019-06-18 17:48:33,R_3nJAIxH6dtGcP66,anonymous,EN,55,1,,1,,1,,33,34,4,6,6,4,4,2,6,4,6,6,6,6,2,2,4,2,5,3,5,5,4,4,1,5,5,3,3,2,14,8,12,8,8,14,10,8,14,8,12,9,11,9,9,9,11,11,6,6,2,2,-100,6,2,2,7,-100,5,5,7,4,0,3,5,2,5,-80,3,4,6,6,2,2,0,2,4,6,3,1,7,0,1,2,6,5,6,2,0,1,4,2,5,6,5,60,7,Steak,,1,14,6727019
2019-06-18 17:33:14,2019-06-18 17:49:12,0,100,957,1,2019-06-18 17:49:12,R_1MPUg3YlbR64S0b,anonymous,EN,31,2,,1,,1,,25,25,1,4,4,1,5,6,7,4,4,4,4,6,5,4,4,2,5,3,2,5,5,5,4,6,6,6,4,3,10,8,12,8,9,12,9,11,13,10,9,12,12,12,12,10,13,13,4,4,6,6,0,4,5,2,5,0,4,6,5,2,0,1,3,4,6,0,3,4,4,4,5,6,0,2,4,5,5,3,5,0,2,1,5,6,5,3,0,1,1,2,3,4,6,0,7,pizza,,1,10,9192201
2019-06-18 17:37:51,2019-06-18 17:49:19,0,100,687,1,2019-06-18 17:49:19,R_z3k7E8DWYeuuOGZ,anonymous,EN,55,2,,1,,1,,27,28,3,3,3,3,5,5,5,5,3,3,3,5,5,5,5,5,6,5,5,5,3,3,5,3,3,3,3,3,12,8,12,10,10,13,10,10,13,8,10,10,12,10,10,10,12,12,5,5,5,5,16,3,6,5,5,9,5,5,5,5,12,3,3,3,6,-14,1,7,5,5,5,5,-11,3,7,3,5,5,5,-28,1,4,5,5,5,5,-8,2,4,3,3,5,5,7,6,sushi,,0,22,8837947
2019-06-18 17:36:04,2019-06-18 17:50:48,0,100,883,1,2019-06-18 17:50:48,R_1mgBIVIqLM81QAb,anonymous,EN,23,2,,3,,1,,50,50,6,4,5,5,5,4,4,6,4,5,4,4,4,4,6,5,5,6,6,6,6,6,5,6,6,7,4,3,13,13,14,13,13,13,14,13,13,13,12,13,13,13,12,12,12,13,5,5,4,4,39,3,4,5,4,48,4,5,6,5,53,5,6,6,6,60,3,8,4,5,5,5,48,2,8,5,5,5,5,44,1,5,4,5,5,5,59,1,4,5,5,5,6,41,7,fried rice,,1,10,9151483
2019-06-18 17:33:39,2019-06-18 17:51:21,0,100,1061,1,2019-06-18 17:51:21,R_D1O7YFUiX6ZGAKJ,anonymous,EN,48,2,,1,,1,,6,-29,1,1,1,1,7,7,7,7,1,1,1,1,7,7,7,7,5,6,6,6,6,7,7,6,6,6,3,3,12,14,12,8,10,11,12,9,12,13,9,10,12,10,8,8,13,12,4,5,5,7,43,1,7,4,2,-25,6,6,6,4,30,3,6,6,3,-51,3,6,4,4,6,1,-18,2,5,1,6,4,1,-3,2,2,6,6,7,4,65,2,3,1,6,6,3,-38,8,spaghetti and meatballs,,1,9,1694921
2019-06-18 17:35:46,2019-06-18 17:51:39,0,100,953,1,2019-06-18 17:51:40,R_3g2aiqopucTFz37,anonymous,EN,47,2,,9,"multiracial ",1,,43,4,3,6,7,6,5,2,5,3,7,7,7,7,2,1,1,1,4,4,3,3,3,2,3,2,4,3,2,2,10,13,9,10,12,10,13,10,11,13,10,12,11,11,10,10,11,11,5,6,2,5,-63,3,5,6,4,-59,3,4,6,3,-2,4,5,6,3,-61,3,7,5,5,2,6,74,2,7,3,6,6,3,90,2,5,5,6,6,3,15,1,5,3,5,5,3,94,7,pizza,,1,12,1186621
2019-06-18 17:32:40,2019-06-18 17:51:52,0,100,1151,1,2019-06-18 17:51:53,R_3CDeegXEsGqREX0,anonymous,EN,52,2,,1,,1,,50,50,1,2,5,1,7,4,4,5,4,6,4,5,4,4,6,1,6,5,6,5,5,4,5,1,1,1,4,4,10,14,10,8,12,9,8,8,11,13,13,14,12,10,12,12,14,13,2,5,6,6,53,4,6,7,3,100,7,7,3,4,100,1,1,1,7,100,1,8,4,5,6,6,-31,3,8,2,7,7,3,-62,1,4,7,7,5,2,-48,1,5,2,6,2,7,-55,6,barbeque,,0,19,3970856
2019-06-18 17:46:01,2019-06-18 17:51:57,0,100,356,1,2019-06-18 17:51:57,R_1IWXkxLqEYcmZdx,anonymous,EN,47,1,,1,,1,,8,7,4,4,4,4,4,5,4,4,5,4,4,4,5,4,4,4,4,5,5,5,5,5,4,4,4,4,3,3,11,11,11,11,11,11,11,11,11,11,11,11,11,11,11,11,11,11,6,6,2,6,-35,5,5,4,5,-8,5,4,5,4,2,4,4,4,5,-22,3,7,5,5,5,5,-19,2,7,4,4,4,4,-15,1,4,4,4,4,4,-6,1,4,4,4,4,4,-7,8,pizza,,1,1,9871567
2019-06-18 17:17:01,2019-06-18 17:52:57,0,100,2155,1,2019-06-18 17:52:57,R_en8d7jEgNhsUwrT,anonymous,EN,30,1,,1,,6,,7,20,4,3,4,3,6,6,6,6,2,2,2,2,7,7,6,6,6,3,3,3,2,2,2,3,4,4,3,3,9,13,9,9,11,10,12,12,10,11,12,13,13,12,12,12,13,12,6,6,5,4,29,6,4,3,6,-3,6,6,6,6,69,5,5,6,6,-16,1,4,4,6,6,5,26,3,4,6,5,3,6,-7,1,1,6,5,6,6,61,2,1,6,6,5,5,-22,8,pizza,,0,6,6497296
2019-06-18 17:42:48,2019-06-18 17:56:52,0,100,844,1,2019-06-18 17:56:52,R_1hKkDDGB7DpYWJL,anonymous,EN,42,2,,1,,1,,4,43,1,3,3,1,5,5,5,5,4,4,4,4,4,4,4,4,6,4,5,5,5,5,4,3,5,4,4,3,14,8,13,8,8,14,8,8,14,8,10,10,12,11,12,11,13,13,7,7,1,1,-100,4,2,2,7,-62,6,6,3,6,-1,4,3,5,4,-100,3,4,7,7,1,1,0,2,4,4,2,2,6,-24,2,1,6,6,3,6,0,1,2,3,4,5,4,14,7,chili,Best wishes with your research!,1,9,5054970
2019-06-18 17:47:08,2019-06-18 17:57:16,0,100,607,1,2019-06-18 17:57:17,R_3jfykBXDsoO2jwe,anonymous,EN,34,1,,1,,1,,50,50,2,4,4,1,1,4,1,4,7,7,7,7,7,1,6,1,7,4,4,4,4,4,6,2,2,1,2,2,13,8,14,8,8,14,8,8,13,8,11,11,11,11,11,11,13,13,7,7,1,4,-100,4,1,4,2,-100,1,4,7,1,-100,1,1,4,7,-100,3,4,7,7,1,4,0,2,4,4,1,6,1,0,2,2,1,4,7,1,50,1,1,1,1,4,7,50,6,Rib steak,No comments,1,4,3121571
2019-06-18 17:41:46,2019-06-18 17:58:04,0,100,977,1,2019-06-18 17:58:04,R_1rP55VNEQSovDJu,anonymous,EN,28,2,,1,,1,,30,11,1,1,4,2,5,5,6,5,3,4,3,4,5,3,3,4,6,6,5,6,5,6,5,3,3,3,3,3,13,12,10,9,9,10,9,8,9,11,9,9,11,9,9,9,9,10,6,7,5,5,-40,2,3,2,5,-44,6,6,6,2,-40,2,2,3,2,5,3,4,3,6,6,5,-45,2,4,5,5,2,5,-38,2,1,6,6,6,2,-15,1,1,2,6,2,5,-4,7,Italian Food.,,1,5,994517
2019-06-18 17:51:21,2019-06-18 17:59:12,0,100,470,1,2019-06-18 17:59:12,R_3HCEZSXKYGFXKqT,anonymous,EN,37,2,,1,,6,,20,-30,4,2,3,3,5,6,5,5,3,3,3,5,5,5,5,6,7,7,6,6,6,7,5,5,6,6,4,4,13,13,9,8,10,9,12,11,14,12,10,13,12,13,10,10,13,12,5,6,3,2,-56,3,6,5,6,-59,6,5,7,3,39,1,5,5,5,22,3,10,5,6,3,2,29,2,9,4,3,5,6,-37,1,1,6,5,6,3,35,1,7,4,5,5,6,27,7,my favorite food is lightly buttered scallops,,1,22,4981030
2019-06-18 17:33:03,2019-06-18 17:59:20,0,100,1576,1,2019-06-18 17:59:20,R_1fac681MV9ZVfAr,anonymous,EN,36,2,,2,,1,,-20,32,1,4,4,1,6,5,7,4,2,2,2,3,6,4,6,6,6,7,7,6,5,3,1,2,1,1,3,2,12,8,14,9,8,13,13,9,14,8,9,9,12,11,9,9,13,11,5,4,6,7,21,2,5,2,6,0,5,5,3,5,25,1,7,3,5,30,3,5,5,4,5,7,-3,2,4,4,4,2,5,-39,1,4,5,4,6,4,5,1,4,7,7,2,5,1,6,Pickles are my favorite food. Dill pickles.,,1,17,3831575
2019-06-18 17:51:58,2019-06-18 18:02:49,0,100,651,1,2019-06-18 18:02:50,R_0DPphoi6gkROMXn,anonymous,EN,43,2,,1,,1,,27,24,5,4,5,4,6,6,5,6,5,5,4,6,5,4,5,3,5,3,3,3,3,3,6,6,6,6,4,2,9,13,11,10,11,10,13,12,12,12,13,10,13,10,8,10,12,11,5,5,4,5,30,4,5,3,4,-21,5,4,6,5,49,4,4,4,4,26,1,6,5,5,4,4,-18,2,7,4,5,5,4,22,2,5,5,5,6,6,26,2,4,5,5,4,4,21,8,TACOS,THANK YOU,1,22,3479220
2019-06-18 17:49:15,2019-06-18 18:03:23,0,100,848,1,2019-06-18 18:03:24,R_3Mu3wy4NpDty4Ft,anonymous,EN,26,2,,4,,2,,43,10,1,5,5,1,7,4,7,3,5,4,3,7,5,1,7,1,2,5,5,3,1,5,1,1,1,1,1,1,8,14,8,13,14,13,10,10,8,14,8,8,8,8,8,8,8,8,1,7,1,2,0,7,5,1,5,4,7,7,1,7,0,1,1,7,7,0,3,4,1,7,1,1,0,2,4,6,5,1,5,3,2,1,7,7,1,7,0,1,1,1,1,7,7,0,8,"pizza of course thin sliced ny style ",,1,13,5317772
2019-06-18 17:36:43,2019-06-18 18:04:57,0,100,1694,1,2019-06-18 18:04:57,R_1g0U265YthGibLm,anonymous,EN,32,2,,1,,1,,41,42,7,7,7,7,7,7,7,6,7,7,7,7,4,1,1,1,5,7,7,7,7,7,4,2,4,1,3,3,14,8,14,8,8,14,8,8,14,8,8,8,8,8,8,8,8,8,5,5,2,7,90,5,7,7,4,86,7,7,5,4,94,1,4,5,6,91,3,5,3,7,5,7,97,3,5,5,7,6,1,95,1,1,7,7,5,5,97,2,1,1,6,4,6,91,8,pineapple pizza,"I believe that all of these situations are in especially high critical areas and subjects, but you can't preach about free speech and then bet critical of others uses of the same doing.",0,19,2239103
2019-06-18 17:58:37,2019-06-18 18:05:11,0,100,393,1,2019-06-18 18:05:11,R_3KZwqP19QnKFgWC,anonymous,EN,28,2,,3,,5,,-1,18,3,5,4,5,5,3,6,3,7,7,7,7,3,5,3,4,1,1,1,1,1,1,1,1,1,1,1,1,14,14,8,8,8,8,13,8,14,14,14,8,8,8,8,8,8,8,7,7,1,1,0,3,6,7,5,0,7,6,7,2,0,1,7,7,1,0,2,4,7,7,1,1,0,2,4,3,7,6,6,0,2,1,7,6,7,1,0,1,1,1,7,3,2,0,9,My favorite food is chicken.,,1,7,8727088
2019-06-18 17:59:25,2019-06-18 18:08:15,0,100,530,1,2019-06-18 18:08:16,R_32VK6NEMttGm7xp,anonymous,EN,36,1,,1,,1,,42,18,1,1,1,1,7,7,7,7,2,3,2,2,7,6,7,6,6,3,3,3,2,2,3,3,2,2,2,2,9,8,10,8,10,14,12,9,10,8,8,8,8,8,8,8,8,9,2,5,6,7,22,7,5,7,2,2,7,7,5,6,60,1,3,1,7,0,1,4,2,6,5,7,0,3,4,7,5,6,6,0,1,1,7,7,5,6,0,2,1,1,3,1,7,0,7,Pizza,,0,12,5638219
2019-06-18 17:54:36,2019-06-18 18:08:19,0,100,822,1,2019-06-18 18:08:20,R_30jE4rF3jb35gHN,anonymous,EN,49,2,,1,,1,,39,-40,4,7,7,3,6,5,6,2,7,2,5,6,7,1,7,1,6,6,6,5,5,5,5,6,6,5,3,2,14,10,14,8,9,14,8,8,13,12,12,9,12,10,12,12,14,14,7,7,1,7,0,1,1,7,5,0,7,7,7,2,0,1,7,7,7,20,3,4,7,7,1,7,0,2,4,1,1,7,5,0,2,1,7,7,7,1,0,1,1,1,7,7,1,0,7,pizza,,1,24,276194
2019-06-18 17:51:45,2019-06-18 18:09:58,0,100,1093,1,2019-06-18 18:09:59,R_24egWMA7Oni1cGv,anonymous,EN,51,1,,2,,1,,30,30,1,1,1,1,1,7,7,7,1,1,1,1,7,7,7,7,7,7,7,7,7,7,1,1,1,1,5,1,8,8,14,8,8,14,8,8,8,8,8,8,8,8,8,8,8,8,1,1,7,7,100,1,7,7,1,100,7,1,7,1,100,1,7,1,1,100,1,7,1,1,7,7,100,3,7,1,7,1,1,-82,1,4,7,7,7,1,100,2,4,1,7,1,7,100,9,pizza,,0,18,5898772
2019-06-18 17:48:35,2019-06-18 18:13:27,0,100,1491,1,2019-06-18 18:13:28,R_7UuDVDhpAETSAPT,anonymous,EN,34,2,,1,,1,,38,32,5,5,4,4,4,4,5,5,4,4,4,4,4,4,5,4,5,5,4,4,4,4,5,4,4,4,3,3,12,11,11,12,11,13,13,10,10,9,11,12,11,11,11,11,10,11,5,4,4,4,0,4,4,4,5,-9,5,4,4,4,12,5,4,4,4,30,3,7,5,4,4,4,0,2,8,4,5,4,4,0,1,5,5,5,4,4,6,3,5,4,4,5,4,0,7,Curry,,0,10,1652044
2019-06-18 18:02:35,2019-06-18 18:14:22,0,100,707,1,2019-06-18 18:14:23,R_XXTtVpIlCATS6kN,anonymous,EN,34,2,,1,,1,,50,11,2,4,5,3,3,2,7,2,2,3,5,5,7,2,7,4,6,5,6,6,6,6,3,2,3,3,3,2,12,8,10,8,8,13,8,8,14,8,10,10,11,9,8,8,12,13,5,5,5,5,-19,5,7,7,5,0,3,6,7,3,0,4,3,5,7,0,3,4,5,5,5,4,0,2,4,5,5,7,5,0,1,1,3,5,7,5,0,1,1,5,3,5,5,0,8,Ice Cream,,1,13,2795653
2019-06-18 17:58:01,2019-06-18 18:15:41,0,100,1060,1,2019-06-18 18:15:42,R_1gMYxPTzSn1rA10,anonymous,EN,31,2,,1,,6,,11,-21,4,5,5,4,4,6,4,4,4,4,4,4,4,4,4,4,6,6,6,6,6,6,3,6,6,6,4,4,13,11,12,11,11,13,11,11,12,9,11,11,11,11,11,11,11,11,4,6,6,6,0,5,5,5,3,0,4,5,6,4,0,4,5,3,4,0,3,4,4,6,4,6,0,2,4,4,5,6,4,0,1,1,4,6,6,4,0,1,1,4,5,4,4,0,8,burgers,,1,15,6855575
2019-06-18 18:09:15,2019-06-18 18:17:11,0,100,476,1,2019-06-18 18:17:11,R_PCHtCX2HyLhQIWl,anonymous,EN,32,2,,1,,7,,-43,-45,2,3,2,2,6,2,6,6,2,2,2,6,6,2,5,5,5,6,6,5,6,6,4,4,5,5,4,4,9,9,9,9,,10,10,11,11,11,12,13,13,12,12,12,12,12,6,6,4,3,41,5,5,5,5,36,6,6,6,6,31,3,4,3,3,-29,3,9,5,6,5,3,29,2,8,5,4,5,5,34,1,4,5,5,5,5,22,1,3,3,4,4,3,-37,6,susi,,1,4,4800931
2019-06-18 18:07:02,2019-06-18 18:17:47,0,100,644,1,2019-06-18 18:17:47,R_3rNIvdZYcufasgU,anonymous,EN,30,2,,1,,1,,49,23,5,5,5,5,3,4,4,3,5,5,5,5,5,3,5,4,5,3,5,5,5,5,2,5,5,4,4,3,11,10,10,9,10,12,10,10,10,10,11,10,10,10,10,10,11,12,4,5,4,5,-21,2,5,4,3,-62,5,5,5,5,-29,2,5,2,5,-80,3,4,3,5,4,5,-20,2,4,2,5,4,2,-69,2,1,5,5,5,5,-29,1,1,2,5,4,5,-80,7,Queso,,1,14,2780852
2019-06-18 18:08:37,2019-06-18 18:22:52,0,100,855,1,2019-06-18 18:22:53,R_bxA3ywZ42Fiy8bD,anonymous,EN,36,1,,1,,1,,43,43,5,5,5,3,5,6,5,4,3,6,3,3,5,5,6,6,6,5,5,5,5,5,2,5,5,5,4,3,13,13,10,13,13,9,12,10,12,10,13,12,13,13,10,10,12,10,2,2,5,5,60,6,3,4,6,-21,6,6,6,6,20,4,5,5,5,-20,1,8,3,5,3,5,20,3,5,6,3,3,6,-39,1,4,5,5,5,5,-20,2,5,5,5,5,5,45,7,Mexican Food,,0,4,8907178
2019-06-18 17:47:31,2019-06-18 18:23:33,0,100,2162,1,2019-06-18 18:23:34,R_3qvrfNA86JC8fQF,anonymous,EN,26,2,,4,,1,,7,13,6,2,6,3,7,5,7,4,2,6,2,2,7,7,7,6,7,5,6,5,7,7,4,4,7,5,4,5,14,12,9,11,8,14,13,13,14,8,12,12,11,12,10,11,14,14,1,7,7,6,84,6,2,6,5,0,7,7,7,7,100,4,6,6,7,0,3,5,1,7,7,4,83,3,4,6,3,7,6,0,1,7,7,7,7,6,-74,2,4,4,7,6,6,0,6,Apples and cheese,,0,18,1185212
2019-06-18 18:05:16,2019-06-18 18:24:33,0,100,1156,1,2019-06-18 18:24:33,R_3HGEssTTMy42Wzz,anonymous,EN,49,1,,1,,1,,39,38,6,5,6,6,3,3,4,3,6,5,4,5,5,6,5,3,6,5,5,7,6,6,5,5,3,3,1,3,12,13,9,12,12,10,12,10,10,13,13,12,10,13,10,10,10,10,5,5,5,5,13,3,6,5,3,21,3,3,6,3,-27,3,6,3,5,41,1,4,6,6,3,5,-29,3,7,3,5,5,3,9,1,1,3,5,6,3,-12,2,2,5,5,5,5,4,7,spare ribs,,0,14,3283351
2019-06-18 18:15:49,2019-06-18 18:25:04,0,100,554,1,2019-06-18 18:25:05,R_1eY3ipiWD5TsDPK,anonymous,EN,37,2,,1,,1,,35,38,2,4,4,2,6,5,5,5,4,5,4,4,5,5,4,4,5,6,6,6,6,6,7,5,6,5,5,4,10,11,10,9,10,10,11,10,11,10,11,10,12,11,12,10,11,12,6,6,3,5,-53,4,4,3,5,-9,5,5,5,4,69,4,5,4,3,35,3,4,5,5,4,5,0,2,4,4,4,5,5,6,2,3,5,5,5,4,22,1,1,4,5,4,3,14,6,Mexican food,,1,4,5746309
2019-06-18 18:16:46,2019-06-18 18:27:38,0,100,651,1,2019-06-18 18:27:38,R_33pdqc5UP8XtjsD,anonymous,EN,54,1,,1,,1,,34,25,2,3,2,2,7,6,5,6,7,5,7,7,6,6,7,1,5,6,5,6,6,5,4,4,4,4,3,4,13,9,12,11,11,12,8,8,13,8,9,10,11,9,10,10,14,10,5,7,5,7,11,4,7,7,4,-4,7,7,7,5,9,1,3,2,6,-12,1,4,5,7,7,7,8,3,4,3,7,7,5,-5,1,1,7,7,7,5,6,2,1,2,6,1,7,-10,6,pizza,,0,17,3278123
2019-06-18 18:16:11,2019-06-18 18:28:16,0,100,725,1,2019-06-18 18:28:16,R_retTrpJE0MUpE09,anonymous,EN,53,2,,1,,1,,13,-6,2,5,5,2,6,3,4,4,4,3,4,3,5,5,6,5,6,6,6,6,5,5,4,3,2,2,3,3,13,9,9,9,9,13,10,10,13,11,9,9,9,9,11,10,10,12,3,5,5,6,14,2,6,5,4,19,6,5,5,4,23,3,5,4,5,15,3,4,3,5,5,5,26,2,4,2,5,5,3,33,1,1,5,5,5,4,17,1,5,3,5,3,5,26,6,ice cream,,1,8,849198
2019-06-18 18:16:22,2019-06-18 18:28:31,0,100,729,1,2019-06-18 18:28:31,R_1QgcciGMT9fe61j,anonymous,EN,58,2,,1,,6,,48,38,3,6,6,5,4,4,5,4,7,6,7,7,5,1,4,1,6,3,5,5,4,3,3,4,4,4,3,2,12,12,10,9,9,12,11,10,12,11,12,12,10,10,9,9,10,10,4,5,4,5,0,6,4,3,5,-11,5,5,6,4,19,2,3,5,6,20,1,7,4,5,4,5,0,3,4,5,4,3,5,-14,1,6,5,3,6,3,-21,2,4,2,3,5,6,5,7,ice cream,thank you,0,23,7991855
2019-06-18 18:13:34,2019-06-18 18:28:38,0,100,903,1,2019-06-18 18:28:39,R_3k0QQBQPeawTqeF,anonymous,EN,47,1,,1,,1,,19,-11,2,2,2,2,6,6,6,6,2,6,2,2,6,6,6,6,7,7,7,7,7,7,7,7,7,7,5,5,10,9,8,12,13,12,14,13,10,9,14,14,14,14,8,8,14,11,6,6,2,6,19,1,7,7,4,-21,4,6,6,2,-10,6,7,7,1,-24,1,4,6,6,2,6,14,3,4,1,6,7,4,-10,1,1,4,6,7,1,8,1,1,7,7,7,1,-8,7,Pizza with a white sauce,,0,2,1053798
2019-06-18 18:13:48,2019-06-18 18:28:52,0,100,903,1,2019-06-18 18:28:53,R_1Kju70HfTHGUNyk,anonymous,EN,57,1,,1,,1,,36,-16,2,2,2,1,4,7,5,7,5,5,6,6,4,5,4,4,7,2,2,2,2,2,2,5,6,6,2,2,13,10,10,9,9,14,9,8,8,8,9,9,9,9,8,9,12,12,4,5,6,6,0,1,7,7,1,-70,4,6,7,2,20,1,5,6,7,15,1,4,4,5,2,6,0,3,4,1,6,6,2,-20,1,1,2,4,6,2,0,2,1,1,5,4,5,0,8,Hamburgers,Thanks very interesting,0,17,5818883
2019-06-18 18:16:16,2019-06-18 18:32:16,0,100,959,1,2019-06-18 18:32:17,R_1rIXB3TZFp3R8RO,anonymous,EN,47,1,,1,,1,,6,6,2,2,2,2,6,6,6,5,2,3,2,2,6,6,6,6,4,4,5,5,5,5,3,4,4,4,3,3,12,9,12,10,10,13,10,9,13,9,9,9,12,11,10,10,13,13,5,5,3,4,20,3,2,3,7,-100,6,5,5,6,0,3,6,6,4,-20,1,7,5,6,3,6,20,2,4,3,3,3,6,-100,1,1,5,4,6,6,20,1,1,3,6,6,4,-21,6,steak,interesting,1,1,8021127
2019-06-18 18:12:47,2019-06-18 18:32:54,0,100,1207,1,2019-06-18 18:32:55,R_1DGOGmhbXIKcL8p,anonymous,EN,35,2,,3,,1,,25,27,1,1,2,1,6,7,6,5,2,1,2,2,7,7,7,7,5,6,7,7,7,7,1,4,2,2,3,2,14,8,14,8,8,14,8,8,14,8,8,9,8,8,10,9,11,11,3,4,4,4,0,4,2,2,6,-84,3,4,6,2,0,1,1,1,6,0,3,4,2,5,4,6,0,2,4,2,2,2,6,0,1,1,3,4,5,3,0,1,1,2,2,1,6,0,7,fried chicken or fish,,1,5,8163540
2019-06-18 18:15:26,2019-06-18 18:33:23,0,100,1076,1,2019-06-18 18:33:23,R_eqX0ilsZN0jn0pr,anonymous,EN,40,2,,1,,1,,6,8,1,1,1,1,7,7,7,7,1,6,1,1,7,6,7,7,6,5,6,6,6,6,2,3,3,3,4,3,13,8,13,8,9,13,12,9,13,9,8,10,13,13,14,14,14,11,7,6,2,5,-26,5,3,2,7,-18,5,5,6,3,0,6,5,6,3,-73,1,6,6,6,2,5,-25,3,6,5,3,2,6,-20,1,2,6,5,6,3,7,2,4,2,6,5,2,44,6,pizza,,0,12,9436320
2019-06-18 18:12:54,2019-06-18 18:33:37,0,100,1243,1,2019-06-18 18:33:38,R_1FFA2WcFYHolqTy,anonymous,EN,48,1,,1,,1,,43,21,3,5,5,5,5,4,5,4,5,5,4,6,5,3,6,2,6,6,6,6,6,6,4,5,5,5,3,3,13,8,12,10,9,13,10,10,13,9,10,9,10,9,9,9,12,13,6,5,5,6,-10,6,2,2,6,-60,5,5,6,3,-40,4,5,5,3,-20,3,7,5,5,5,5,25,2,5,6,3,2,6,-10,1,4,5,5,6,5,20,1,3,3,5,5,3,20,6,Tacos,Thank you.,1,8,7020310
2019-06-18 18:22:53,2019-06-18 18:34:05,0,100,672,1,2019-06-18 18:34:06,R_2cpysJelyUFIfVK,anonymous,EN,37,1,,1,,1,,50,50,2,2,1,2,6,7,7,7,2,1,2,2,5,5,6,6,7,2,4,5,4,4,1,1,1,1,2,2,13,8,12,11,8,14,12,8,14,8,10,12,12,10,12,9,14,14,5,4,5,1,80,6,4,1,7,50,6,7,7,7,100,4,4,6,4,90,1,9,7,4,2,3,-82,3,10,7,1,1,6,-94,1,7,4,1,7,1,-100,2,7,5,6,7,1,-100,8,Steak,,0,22,1295453
2019-06-18 18:20:20,2019-06-18 18:34:44,0,100,864,1,2019-06-18 18:34:45,R_1fZ1FKdHmGuzt0q,anonymous,EN,31,2,,1,,7,,10,-50,1,1,1,1,7,7,7,7,1,1,1,1,7,7,7,7,4,7,7,7,7,7,7,7,7,7,5,5,14,12,8,8,8,8,14,8,14,12,8,8,8,8,14,14,14,14,4,4,1,4,4,7,7,7,1,0,7,7,7,4,0,1,7,7,7,-1,3,4,4,4,1,4,0,2,4,7,7,7,1,0,2,1,7,7,7,4,0,2,1,1,7,7,7,0,9,My favorite food is right now oatcakes,,1,10,2610338
2019-06-18 18:26:57,2019-06-18 18:35:54,0,100,537,1,2019-06-18 18:35:54,R_1flpnzYzPVmqUrk,anonymous,EN,37,1,,1,,6,,29,1,4,6,6,6,2,2,4,2,6,6,4,6,4,2,4,2,4,6,6,6,6,6,5,6,6,6,5,5,12,11,11,9,9,11,9,10,12,11,11,11,10,10,9,9,12,12,6,6,3,5,0,6,4,3,4,-1,4,4,6,3,-9,5,4,6,4,-21,3,5,6,6,3,5,0,2,5,6,4,4,4,0,2,4,6,5,5,4,50,1,4,2,4,5,5,100,9,Stroganoff,,1,15,4666502
2019-06-18 18:26:57,2019-06-18 18:36:26,0,100,569,1,2019-06-18 18:36:27,R_1g75YyCPKG6Hmr0,anonymous,EN,26,1,,1,,1,,42,42,5,5,6,6,3,2,3,2,6,6,6,5,3,2,3,2,6,6,6,7,6,6,5,6,6,7,4,4,9,13,9,13,14,9,13,13,9,13,10,12,13,12,9,12,12,13,6,6,3,2,-11,2,6,5,2,27,6,5,5,2,-39,2,3,2,6,-33,3,7,3,6,5,3,-22,2,7,6,5,3,3,19,2,5,5,2,6,3,-14,2,7,3,5,6,5,-28,9,Pizza,Thank you.,1,17,1165847
2019-06-18 18:20:23,2019-06-18 18:38:55,0,100,1112,1,2019-06-18 18:38:56,R_x9MwpW628D4Jwsx,anonymous,EN,56,2,,1,,1,,50,50,7,1,7,7,4,1,5,1,7,7,4,7,4,1,4,1,7,7,7,7,7,7,1,7,4,4,3,3,14,8,11,11,11,14,11,12,11,8,8,13,8,8,8,9,8,8,4,4,4,4,0,7,7,1,7,0,4,4,4,4,0,1,3,4,7,0,1,4,1,1,1,1,0,3,4,7,7,1,7,0,1,1,4,4,4,4,0,3,4,7,4,7,4,0,9,Pizza,,0,12,1016375
2019-06-18 18:01:10,2019-06-18 18:40:04,0,100,2334,1,2019-06-18 18:40:05,R_0oYTGk5AcEmiHol,anonymous,EN,51,1,,1,,1,,28,30,2,2,2,2,6,5,2,6,3,3,4,3,7,3,6,5,6,5,6,6,6,6,2,4,5,5,4,4,12,9,12,9,9,13,9,9,14,9,9,9,12,9,9,9,11,13,3,6,6,6,19,3,2,3,2,-4,5,5,5,3,32,2,3,2,6,7,3,4,3,6,3,2,0,2,5,3,4,3,3,0,1,2,4,5,5,3,0,1,2,3,5,2,5,0,7,Pizza,,1,7,6006033
2019-06-18 18:30:05,2019-06-18 18:41:07,0,100,662,1,2019-06-18 18:41:08,R_2ageBJtbWSbEF8Z,anonymous,EN,52,1,,1,,7,,8,-10,1,1,1,1,7,7,7,1,1,1,1,1,7,7,7,7,7,7,5,5,5,4,1,4,1,1,3,3,8,8,12,8,8,14,8,8,14,8,8,8,8,8,12,12,14,14,1,7,7,7,0,1,7,7,1,100,7,7,7,7,100,1,1,1,7,0,1,4,1,7,7,7,0,3,4,1,7,7,1,100,1,1,7,7,7,7,100,2,1,1,1,1,7,0,7,Pizza,,0,22,6360680
2019-06-18 18:37:20,2019-06-18 18:42:26,0,100,305,1,2019-06-18 18:42:26,R_3nG9tgx7Q4rPPiV,anonymous,EN,22,2,,3,,6,,41,-20,5,4,3,3,5,3,3,3,5,4,4,5,4,4,4,4,4,2,5,4,4,5,4,4,5,3,4,3,11,12,10,11,11,11,11,,11,12,11,11,11,10,12,10,11,11,6,4,5,4,30,4,5,4,3,-3,5,4,4,3,34,5,4,4,3,-11,3,5,2,3,3,3,7,3,8,4,5,3,4,-50,2,3,4,3,5,5,36,1,4,4,4,3,5,58,9,Lasagna,,0,6,8888169
2019-06-18 18:29:34,2019-06-18 18:42:31,0,100,777,1,2019-06-18 18:42:32,R_ukd64BCQmvIwsmZ,anonymous,EN,38,1,,1,,1,,37,49,1,1,2,1,5,5,5,6,6,5,6,5,5,6,6,6,6,6,7,7,7,7,6,6,7,6,5,5,12,14,12,9,9,10,12,12,13,13,12,13,14,13,13,13,14,13,5,7,7,2,18,1,7,7,1,-2,7,7,7,7,36,2,7,5,4,3,1,4,5,7,7,4,2,3,4,1,7,7,1,4,1,1,7,7,5,7,3,2,1,3,7,5,7,4,8,lasagna :),,0,14,9985002
2019-06-18 18:28:00,2019-06-18 18:43:58,0,100,958,1,2019-06-18 18:43:59,R_1HdVa4KgCbV4yvg,anonymous,EN,38,2,,1,,1,,25,-29,1,1,1,1,7,7,7,7,1,1,1,1,7,7,7,7,7,6,6,6,6,6,6,1,1,1,4,4,14,8,8,8,8,14,14,8,14,8,12,12,12,12,8,8,14,14,7,7,1,7,0,1,7,7,1,0,7,7,5,5,0,7,7,1,1,-100,1,4,5,7,1,7,0,3,4,1,7,7,1,0,1,1,7,7,5,5,0,2,7,1,6,1,7,100,8,pizza,Thanks!,0,15,1176036
2019-06-18 18:28:59,2019-06-18 18:46:52,0,100,1073,1,2019-06-18 18:46:53,R_2VO6psHordgjzzZ,anonymous,EN,45,2,,1,,1,,20,17,6,6,7,4,6,3,4,1,7,6,6,7,2,2,2,2,6,7,6,6,7,6,5,5,4,6,5,4,12,8,9,9,12,14,10,10,10,8,12,13,12,13,12,12,14,14,5,6,1,1,39,6,2,1,6,-65,6,7,6,3,7,2,5,1,7,10,1,4,6,6,6,1,7,3,10,6,3,1,6,-4,1,7,5,6,6,6,5,3,6,4,3,2,6,6,5,spaghetti,,0,2,6698551
2019-06-18 18:26:38,2019-06-18 18:48:35,0,100,1317,1,2019-06-18 18:48:36,R_3JtnGxv8XUY5k2a,anonymous,EN,42,2,,1,,1,,33,32,3,4,5,3,5,4,5,4,4,5,4,4,4,4,4,4,6,5,5,5,5,4,5,4,5,4,3,3,11,9,11,13,11,13,10,9,10,9,10,9,11,10,13,12,12,12,5,4,5,6,21,2,6,4,4,0,5,5,5,4,52,2,4,3,5,40,1,6,5,5,5,6,-15,3,5,2,5,4,3,-13,1,3,5,5,6,4,0,2,3,2,5,3,4,-35,7,avocado,,0,12,6912384
2019-06-18 18:35:06,2019-06-18 18:49:27,0,100,860,1,2019-06-18 18:49:27,R_3QQocEdYDwwfxtH,anonymous,EN,58,1,,1,,5,,-2,-2,3,5,5,5,6,5,6,5,5,3,5,4,5,4,6,4,5,5,5,6,6,7,5,5,6,6,4,4,11,9,9,11,11,13,13,12,13,8,13,12,11,11,10,11,12,12,4,6,2,2,62,6,2,2,6,-39,2,3,6,2,53,1,6,6,6,32,1,4,6,6,2,6,43,3,4,6,6,2,3,-28,1,1,6,5,6,2,41,2,1,2,6,4,6,0,7,steak,,0,16,385594
2019-06-18 18:37:12,2019-06-18 18:49:38,0,100,745,1,2019-06-18 18:49:38,R_Di8wFEAFA4aoYaB,anonymous,EN,34,2,,1,,6,,50,2,1,1,1,1,6,6,6,6,1,1,1,1,6,6,6,6,6,6,6,6,6,6,6,5,5,4,5,5,10,9,10,11,12,13,12,11,10,9,9,9,12,10,12,12,12,12,4,6,4,4,50,6,4,4,4,-36,4,6,6,6,59,4,5,6,5,-2,1,4,4,6,4,4,41,3,4,6,4,4,4,0,1,1,3,6,6,3,3,2,1,4,6,6,5,0,9,french fries,,0,9,3817517
2019-06-18 18:40:16,2019-06-18 18:50:07,0,100,590,1,2019-06-18 18:50:07,R_2uU018RdWC8ztlC,anonymous,EN,54,2,,1,,5,,27,-50,1,1,1,1,7,7,7,7,1,1,1,1,1,7,7,7,7,5,6,7,3,2,2,2,4,3,3,3,14,8,14,8,8,14,8,8,8,8,8,8,14,8,8,8,14,14,5,7,2,4,-9,7,7,4,1,0,7,7,7,1,61,1,7,1,7,0,1,7,5,7,6,7,0,3,7,7,7,4,1,0,1,4,7,7,7,1,33,2,5,1,7,1,7,4,7,pizza,,0,22,4249459
2019-06-18 18:38:57,2019-06-18 18:51:55,0,100,777,1,2019-06-18 18:51:55,R_2VIpzAUiyn2PRbt,anonymous,EN,43,2,,1,,1,,27,27,2,4,3,3,4,5,4,4,3,3,3,4,4,4,4,5,5,7,7,7,7,7,7,7,5,6,5,5,13,11,12,9,9,12,9,8,13,10,10,10,12,11,11,11,12,11,2,3,6,6,46,5,5,4,3,28,7,6,5,5,68,2,3,2,5,50,1,7,3,3,5,5,-100,3,7,5,5,4,3,-19,1,4,7,5,5,4,-100,2,4,3,5,2,5,-100,6,pizza,,0,14,4696681
2019-06-18 18:45:22,2019-06-18 18:53:42,0,100,499,1,2019-06-18 18:53:42,R_2P5US5554OUBPa4,anonymous,EN,32,1,,1,,1,,44,-15,6,7,6,6,2,3,5,2,3,7,5,2,2,2,1,3,6,6,5,5,3,5,3,3,3,3,2,2,8,14,13,13,13,9,12,12,9,14,13,13,9,10,9,9,9,9,1,2,7,6,100,1,7,5,1,100,7,7,6,3,81,1,5,1,5,62,1,6,3,5,6,6,-40,3,4,1,7,5,1,61,1,3,7,3,5,2,-1,2,5,1,7,1,7,-17,8,Pizza,,0,9,1695439
2019-06-18 18:28:44,2019-06-18 18:53:57,0,100,1512,1,2019-06-18 18:53:57,R_1pyTdUIn5i36Hyx,anonymous,EN,53,2,,1,,6,,25,-24,2,4,5,3,6,5,5,5,3,6,2,3,5,3,3,5,4,5,4,5,4,4,6,5,3,3,3,2,9,8,8,11,12,10,12,10,10,8,10,10,10,10,9,9,9,8,2,5,5,5,-100,2,6,5,2,-100,7,7,6,4,75,1,1,5,7,-100,3,4,5,6,3,4,0,2,4,1,6,5,2,0,1,1,7,6,6,1,-100,1,1,1,5,5,7,75,8,pizza,,1,21,3126075
2019-06-18 18:35:36,2019-06-18 18:56:03,0,100,1226,1,2019-06-18 18:56:04,R_2TZAJdkCoEfJxgO,anonymous,EN,63,2,,1,,1,,-39,50,1,1,1,1,7,7,7,7,1,1,1,1,7,7,7,7,7,6,7,7,7,7,1,5,3,4,5,5,14,8,14,8,8,8,12,9,14,8,9,9,11,8,8,8,8,8,4,6,7,4,35,7,1,1,7,-93,7,7,4,7,52,7,1,7,7,-100,3,5,2,5,7,5,100,2,4,7,1,1,7,-100,1,4,7,7,4,7,51,1,5,1,1,3,7,100,7,Pizza,Very good survey. Thank you for letting me participate today.,1,24,6189293
2019-06-18 18:32:21,2019-06-18 18:56:35,0,100,1453,1,2019-06-18 18:56:35,R_1DN1ITLDeISf1WX,anonymous,EN,60,2,,1,,1,,19,14,1,2,3,1,7,6,6,6,3,5,5,5,6,5,5,5,6,4,5,5,3,5,2,2,5,2,3,3,13,9,13,9,11,13,11,9,13,9,9,9,12,12,9,9,13,13,6,6,2,6,-62,5,6,6,3,0,6,6,5,6,41,2,5,3,6,-40,3,4,6,6,5,6,-62,2,4,3,5,6,2,-61,1,1,6,6,5,6,43,1,1,3,5,2,6,0,7,Fish tacos,,1,3,8761729
2019-06-18 18:40:32,2019-06-18 18:56:35,0,100,963,1,2019-06-18 18:56:36,R_3LbAx83Poe8n57j,anonymous,EN,48,2,,1,,1,,37,50,6,6,6,6,5,6,5,6,6,6,6,6,6,5,4,2,6,7,7,7,7,7,6,6,6,6,5,5,13,8,12,8,8,13,8,8,8,8,8,13,13,13,14,14,14,14,3,2,6,6,-18,5,7,6,5,-83,7,7,6,7,-10,2,1,1,7,-82,1,4,6,6,6,6,-43,3,4,5,6,6,6,-81,1,1,6,6,6,6,-20,2,1,2,6,5,6,-41,8,Pasta,None.,0,13,5615302
2019-06-18 18:44:51,2019-06-18 18:57:08,0,100,736,1,2019-06-18 18:57:08,R_3hlKJiI0LvHXzwy,anonymous,EN,44,2,,1,,1,,38,45,4,5,3,4,5,5,7,5,3,3,2,3,5,5,6,5,5,7,6,6,6,6,5,6,5,5,4,3,14,8,12,12,8,14,12,11,14,8,12,12,12,12,10,10,11,11,6,5,5,5,19,7,2,1,7,-62,3,4,5,5,-4,5,2,3,4,-78,1,5,6,6,5,5,-11,3,4,6,5,2,6,0,1,2,3,5,6,5,-24,2,2,5,3,3,5,-35,6,pie,,0,18,6391726
2019-06-18 18:35:45,2019-06-18 18:59:44,0,100,1439,1,2019-06-18 18:59:44,R_1Hi4wkDlLMxLwef,anonymous,EN,41,2,,1,,1,,35,30,5,5,3,5,6,6,7,6,3,3,5,3,6,5,6,4,6,6,6,7,7,7,7,6,5,5,5,4,12,9,9,9,9,13,11,10,9,9,10,9,13,13,9,12,14,14,6,6,3,7,39,5,5,2,3,-59,5,5,7,3,38,3,2,5,6,-64,3,6,6,7,4,6,12,2,4,5,5,3,2,-18,1,3,5,6,6,2,26,1,1,3,2,5,6,21,7,Pizza,"no issues or distractions occurred during the study. ",1,24,879359
2019-06-18 18:52:02,2019-06-18 19:00:24,0,100,501,1,2019-06-18 19:00:24,R_sUbRA8SaKRSVk2t,anonymous,EN,25,2,,1,,1,,3,8,3,3,3,3,5,5,5,3,3,3,3,3,5,5,5,5,6,3,3,3,3,3,3,3,3,3,3,3,10,12,10,10,12,12,12,12,10,12,12,12,12,12,12,12,12,12,3,3,3,3,-100,6,4,4,4,-100,4,4,4,4,2,4,4,4,3,-47,3,7,4,4,4,4,-3,2,7,6,4,4,4,100,1,4,3,3,3,3,0,1,4,4,4,5,4,2,7,Pizza,,1,15,6649946
2019-06-18 18:51:07,2019-06-18 19:00:55,0,100,587,1,2019-06-18 19:00:55,R_3P7604SRbOMkaVH,anonymous,EN,47,2,,1,,1,,38,41,6,6,6,6,4,4,4,4,6,6,6,6,4,4,4,4,6,6,6,6,6,6,2,4,4,4,4,4,13,9,8,11,8,13,13,9,13,9,11,9,9,9,9,9,9,9,6,6,4,4,-59,4,4,1,7,-95,4,4,7,4,-53,7,4,7,4,-64,3,7,7,7,4,4,53,2,7,4,7,6,4,68,2,4,7,7,7,7,3,1,4,4,4,4,4,0,7,Pasta,,1,1,1070180
2019-06-18 18:45:23,2019-06-18 19:01:19,0,100,956,1,2019-06-18 19:01:19,R_3ML2Sk7A3CQtDY5,anonymous,EN,20,1,,1,,1,,30,6,1,6,5,1,3,5,5,5,6,3,4,1,7,3,2,5,7,6,5,7,7,7,5,6,3,6,4,3,14,12,10,9,10,14,13,12,13,14,13,12,11,11,10,9,10,9,4,6,1,5,12,7,1,6,2,14,1,5,7,2,20,2,1,3,7,61,3,4,6,5,5,6,45,2,4,7,2,5,5,25,2,2,5,6,7,2,33,1,1,1,3,2,7,50,6,Chicken Parm,"I enjoyed the bot joke at the end. ",1,12,1916124
2019-06-18 18:49:07,2019-06-18 19:03:48,0,100,880,1,2019-06-18 19:03:48,R_1ig5soFQ3R8sSNQ,anonymous,EN,29,2,,1,,1,,50,50,3,3,3,3,6,6,6,6,3,3,3,3,6,6,6,6,6,3,6,6,4,5,2,3,5,5,3,4,12,8,13,9,9,13,10,10,12,9,10,10,11,11,12,12,12,12,5,5,3,4,-43,5,4,4,5,-86,4,5,6,3,0,5,6,6,2,-41,3,4,6,6,2,2,26,2,4,6,3,4,6,-24,2,1,3,5,5,3,19,1,4,2,5,6,3,39,8,Veggie Burgers,,1,9,784147
2019-06-18 18:35:24,2019-06-18 19:04:30,0,100,1745,1,2019-06-18 19:04:31,R_2zvfW2oMiffHiqw,anonymous,EN,46,1,,1,,1,,50,49,1,2,5,1,7,7,1,7,1,1,7,4,5,7,5,5,7,7,5,7,7,7,6,7,1,1,3,4,14,8,14,8,8,14,8,11,14,8,12,14,11,14,12,14,14,13,7,7,1,2,-100,3,1,1,7,-100,7,6,7,1,-100,1,7,5,7,0,3,4,7,4,1,1,4,2,4,7,1,4,7,-100,2,1,7,6,7,1,-100,2,4,4,7,7,1,7,8,Cheese,,1,19,2509798
2019-06-18 18:53:14,2019-06-18 19:04:57,0,100,703,1,2019-06-18 19:04:58,R_2w4auRS9PQ3WdQh,anonymous,EN,29,1,,9,white and mexican,1,,49,38,1,4,4,2,3,3,6,4,5,6,2,7,5,5,6,1,4,5,7,7,7,7,5,5,5,4,5,5,13,8,8,8,8,14,9,11,8,8,9,11,9,11,9,9,13,13,7,7,1,2,90,7,2,5,3,90,5,5,5,3,85,1,1,1,7,90,3,4,7,6,2,5,89,2,4,6,3,5,5,85,2,1,5,5,5,3,87,1,1,1,1,1,7,90,6,"italian food-lasagna ",,1,10,1313463
2019-06-18 18:51:11,2019-06-18 19:05:29,0,100,858,1,2019-06-18 19:05:30,R_XX5gUpama9EBHcl,anonymous,EN,66,2,,1,,1,,29,34,2,2,2,2,6,6,6,6,2,2,2,2,6,6,6,6,6,7,5,5,5,5,2,2,2,2,2,2,13,8,12,9,9,14,12,9,13,8,12,12,12,12,12,12,9,9,6,6,6,6,6,5,6,2,6,6,6,6,6,2,19,5,6,2,6,21,3,4,5,6,6,6,6,3,4,5,6,2,6,8,1,1,6,6,6,2,6,2,1,2,6,2,6,7,7,hamburgers,fun study,0,10,4873323
2019-06-18 18:50:54,2019-06-18 19:06:34,0,100,939,1,2019-06-18 19:06:34,R_23a8QuGSu1SLkV2,anonymous,EN,34,2,,1,,1,,36,35,2,2,3,2,6,3,5,4,2,2,4,6,5,5,4,6,6,7,6,5,5,5,5,1,1,1,2,2,12,10,10,10,8,13,9,9,13,9,9,9,9,9,9,9,12,11,4,6,2,6,-2,4,2,2,4,-21,3,2,7,2,-1,1,5,1,7,4,3,4,4,7,2,6,-5,2,4,5,2,1,5,-5,2,1,2,3,7,2,-5,1,1,1,5,1,7,-4,8,pizza!,,1,4,1033960
2019-06-18 18:48:44,2019-06-18 19:11:35,0,100,1371,1,2019-06-18 19:11:36,R_3RronbORLTxDdos,anonymous,EN,71,1,,1,,1,,31,30,4,4,3,3,5,5,4,4,7,4,7,7,7,4,7,1,6,5,4,4,3,3,4,3,3,3,1,1,13,9,12,10,10,12,12,10,12,8,10,10,11,10,10,10,11,11,3,5,5,4,56,3,6,6,3,43,5,5,6,5,-4,3,3,3,6,0,1,6,4,5,6,5,39,3,6,3,6,5,6,18,1,3,6,5,5,6,40,2,3,3,3,2,6,41,7,sausage gravy and biscuits,,0,4,2794097
2019-06-18 18:58:41,2019-06-18 19:14:15,0,100,934,1,2019-06-18 19:14:16,R_2Qincal4EhaigJW,anonymous,EN,48,2,,1,,1,,37,37,7,7,7,7,1,1,5,1,7,7,7,7,5,1,5,1,3,1,2,2,2,2,1,1,1,1,3,1,14,8,9,8,8,14,12,8,14,8,8,8,12,8,8,8,8,14,5,6,2,2,0,7,1,1,7,-100,5,6,7,3,0,7,4,7,1,-100,3,4,5,7,2,3,0,2,4,7,1,1,7,-100,2,4,3,5,7,3,19,1,7,1,3,5,7,49,7,steak,,1,20,5231054
2019-06-18 18:40:11,2019-06-18 19:17:10,0,100,2219,1,2019-06-18 19:17:11,R_1DwMro0o2IbTSMG,anonymous,EN,32,1,,3,,6,,30,30,2,4,4,3,6,6,6,4,2,2,2,2,6,6,5,5,6,5,5,4,4,4,4,6,6,6,3,3,9,13,8,11,12,9,13,11,9,13,12,9,10,11,9,9,10,10,6,6,3,3,-32,2,6,6,3,0,4,5,6,2,-21,3,3,3,6,-83,3,4,6,6,3,2,-30,2,5,2,6,6,2,0,2,2,5,5,6,3,0,1,2,2,3,4,6,0,6,Steak,,1,5,5731012
2019-06-18 18:54:41,2019-06-18 19:18:07,0,100,1405,1,2019-06-18 19:18:07,R_1eE7POSAucNRBYe,anonymous,EN,58,2,,1,,1,,50,50,1,1,1,1,7,7,7,7,1,1,1,1,7,6,6,6,6,6,7,7,7,7,5,5,6,5,3,3,8,9,10,8,13,13,14,9,8,8,10,10,10,9,8,8,8,8,7,7,1,1,100,7,7,7,1,100,1,7,7,1,100,1,1,1,7,100,1,4,7,7,1,1,-100,3,4,7,7,7,1,-100,1,1,1,7,7,1,-100,2,1,1,1,1,7,-100,8,Pizza,It was interesting.,0,18,7809631
2019-06-18 18:58:15,2019-06-18 19:19:00,0,100,1244,1,2019-06-18 19:19:01,R_2Pbvog91kN28Kbh,anonymous,EN,28,1,,1,,7,,-20,-20,1,1,1,1,7,7,1,7,1,1,1,1,7,7,7,7,7,6,6,7,6,6,3,5,5,6,4,4,13,12,13,9,12,13,9,9,14,12,10,12,9,13,13,12,12,14,5,6,2,5,-38,1,6,5,1,-16,6,6,5,6,5,1,5,6,5,-11,1,5,5,6,1,5,14,3,6,1,5,6,1,7,1,1,6,2,5,6,-14,2,3,1,5,6,5,28,9,Pizza,,0,17,2917113
2019-06-18 18:30:13,2019-06-18 19:23:56,0,100,3222,1,2019-06-18 19:23:56,R_2xUVHpYdtIVHQeE,anonymous,EN,39,2,,1,,6,,15,5,2,2,2,2,5,5,6,5,2,2,2,3,5,5,5,5,5,7,6,6,6,5,6,5,6,5,4,3,10,13,13,8,12,10,10,8,10,12,9,9,12,10,12,12,14,13,5,5,3,5,5,6,3,2,5,-100,5,3,7,2,-90,6,6,6,3,-100,3,8,5,6,5,5,76,2,10,5,6,5,5,98,2,6,6,6,6,6,100,1,7,2,5,3,5,100,9,My favorite food is shrimp pasta.,,1,12,453519
2019-06-18 19:03:57,2019-06-18 19:25:43,0,100,1306,1,2019-06-18 19:25:44,R_uyOEsLaWFDG4qpb,anonymous,EN,31,2,,2,,7,,17,17,4,6,6,6,2,2,4,2,6,6,6,6,2,2,2,2,6,6,6,6,6,6,2,6,5,6,5,4,12,12,11,10,9,11,11,9,13,11,8,8,8,8,8,8,8,11,3,5,5,4,0,6,3,3,2,-10,4,4,7,2,-53,4,6,4,2,-40,3,4,2,6,3,4,0,2,5,6,3,4,3,0,2,2,5,4,7,2,100,1,1,4,6,4,2,0,8,"My favorite food is hot dogs with ketchup, pico de gallo, and mayonnaise. ",Thank you.,1,7,5244179
2019-06-18 18:54:40,2019-06-18 19:25:50,0,100,1870,1,2019-06-18 19:25:51,R_1KxJZlNu70ZolfC,anonymous,EN,41,2,,1,,5,,-23,-23,1,1,1,1,7,7,7,7,1,1,1,1,7,7,7,7,6,7,3,6,3,3,5,3,7,3,2,3,13,9,12,9,9,13,10,10,13,9,9,9,13,9,12,12,11,11,3,4,6,7,62,1,7,7,1,86,5,6,7,5,0,2,2,2,6,39,3,4,3,3,6,6,20,2,4,1,7,7,2,81,2,4,3,5,6,3,-41,1,4,5,3,5,3,-59,7,shrimp,,1,2,9771390
2019-06-18 19:12:30,2019-06-18 19:27:01,0,100,871,1,2019-06-18 19:27:02,R_vw1AVy3JwoCoPa9,anonymous,EN,48,2,,1,,1,,50,50,1,1,4,1,7,6,5,6,5,3,5,5,5,5,5,2,5,5,5,5,5,5,6,4,3,3,4,4,12,8,14,8,8,14,9,8,8,8,8,8,8,8,8,8,12,12,6,5,3,5,2,1,3,5,3,0,5,6,7,2,2,3,3,3,6,-74,1,4,6,5,5,5,-1,2,4,2,3,5,2,-5,1,1,6,5,7,2,-1,1,1,2,6,5,5,-18,8,eggs,,1,12,5498273
2019-06-18 19:20:27,2019-06-18 19:30:09,0,100,582,1,2019-06-18 19:30:10,R_24O7jBcTGdQzimY,anonymous,EN,51,2,,1,,1,,41,40,1,7,7,1,7,1,7,2,6,7,7,6,6,2,3,2,6,4,4,4,4,3,2,3,1,2,2,2,14,8,13,8,8,14,8,8,14,8,9,9,9,9,9,9,9,9,2,3,6,7,78,4,6,6,3,89,6,7,3,6,89,1,1,1,7,93,1,4,3,2,6,2,-49,3,4,4,6,6,2,-50,1,2,6,6,2,6,-44,2,1,1,1,1,7,-75,7,Tacos,,0,3,275006
2019-06-18 18:35:07,2019-06-18 19:33:26,0,100,3499,1,2019-06-18 19:33:27,R_D2YXskYuhdH3GTL,anonymous,EN,,,,,,,,,,1,1,1,1,6,7,6,7,2,1,2,1,6,7,7,6,7,6,5,5,6,6,7,2,1,1,3,4,14,8,9,10,9,13,10,9,13,8,9,10,13,12,12,12,13,12,2,5,6,3,62,2,6,5,3,52,6,7,7,2,18,3,2,2,7,-23,3,5,2,3,6,5,16,3,7,1,7,6,5,-36,1,1,7,7,5,2,17,2,1,3,6,5,3,-4,7,icecream,,0,5,6179559
2019-06-18 19:20:01,2019-06-18 19:38:15,0,100,1094,1,2019-06-18 19:38:16,R_SHrbvoAlHp0S1c5,anonymous,EN,52,1,,1,,1,,47,37,1,7,7,1,7,1,7,1,7,7,7,7,7,1,3,1,6,5,4,4,3,4,2,2,2,3,2,,14,8,14,8,8,14,9,8,13,8,9,8,9,9,8,8,8,9,3,3,5,6,-40,5,6,7,3,-58,7,6,2,6,92,1,1,2,6,68,3,4,2,1,6,7,83,2,4,3,6,7,1,64,2,1,7,7,2,6,74,2,1,1,2,2,6,55,9,"Hamburgers ",,1,10,2062327
2019-06-18 19:29:16,2019-06-18 19:39:00,0,100,583,1,2019-06-18 19:39:00,R_1N3qNsQ2wQ3fY3z,anonymous,EN,33,1,,1,,1,,50,50,2,7,7,6,7,4,6,1,7,7,7,7,1,1,1,1,6,1,5,3,5,5,2,5,6,6,4,4,8,8,13,9,13,14,9,8,8,8,12,14,8,8,8,8,8,8,7,7,1,1,-100,7,1,1,7,-100,1,1,7,1,-100,7,7,7,1,-100,3,6,7,7,1,2,91,2,10,7,6,1,1,100,2,7,7,7,7,7,100,1,7,1,1,7,7,100,7,Pizza,,1,14,4726952
2019-06-18 19:32:54,2019-06-18 19:44:10,0,100,675,1,2019-06-18 19:44:10,R_1MW0zPZUVukzhFP,anonymous,EN,32,1,,1,,1,,50,21,5,5,6,5,5,4,5,4,6,4,5,6,5,3,5,3,5,5,6,6,6,6,7,6,6,6,4,4,9,14,9,11,12,10,11,10,10,13,11,12,11,11,10,10,9,10,1,5,7,1,16,1,7,7,1,15,7,1,7,1,19,1,5,1,7,17,3,4,1,1,7,7,20,2,4,1,7,7,1,18,2,1,7,1,7,1,20,1,1,1,5,1,7,18,8,Hamburger,,1,14,2111586
2019-06-18 19:34:30,2019-06-18 19:49:17,0,100,887,1,2019-06-18 19:49:17,R_27pR8gZLzNWH11W,anonymous,EN,33,2,,1,,1,,50,50,1,2,4,1,5,5,4,5,2,3,3,6,5,5,4,4,7,3,7,6,5,6,4,3,5,4,3,5,14,8,13,9,8,14,8,8,13,8,11,12,11,10,9,10,13,14,5,4,5,6,25,5,4,3,5,-45,6,7,6,4,50,2,3,2,6,20,1,5,5,4,5,6,-5,3,4,5,4,2,5,-50,1,5,4,7,6,2,-50,2,2,2,3,2,6,-20,5,chocolate,,0,4,1533323
2019-06-18 19:59:15,2019-06-18 20:16:14,0,100,1018,1,2019-06-18 20:16:14,R_1nNKa23mBEIwYrw,anonymous,EN,28,1,,1,,1,,34,34,6,6,5,4,6,3,6,3,7,4,6,7,7,4,6,4,7,6,6,4,5,6,6,6,7,7,4,4,13,13,14,11,12,11,10,11,10,9,11,11,12,11,11,12,11,12,2,6,4,4,13,7,5,7,5,-15,5,4,7,2,30,1,1,7,7,-35,3,5,3,7,4,5,16,2,5,7,5,7,5,-10,2,4,3,6,7,3,15,1,3,3,3,7,7,13,9,pizza,,1,4,6175612
2019-06-18 20:27:12,2019-06-18 20:39:55,0,100,763,1,2019-06-18 20:39:56,R_3EhwDzzNqE64WfH,anonymous,EN,36,2,,1,,1,,50,50,1,2,2,1,4,4,6,4,7,7,7,7,1,1,1,1,5,5,7,7,7,7,4,7,4,7,5,5,13,8,11,8,11,14,12,8,12,8,12,8,8,8,8,8,13,11,6,7,1,4,-64,2,5,7,2,0,2,2,7,2,-98,4,6,6,2,-59,3,4,6,7,2,4,99,2,4,3,5,7,2,100,2,1,2,2,7,2,98,1,1,2,6,6,2,86,7,pizza,,1,11,9474565
2019-06-18 20:40:19,2019-06-18 20:50:40,0,100,620,1,2019-06-18 20:50:40,R_3LZPLlwf4R9EH4g,anonymous,EN,45,1,,1,,1,,44,46,6,5,6,5,5,5,6,6,5,5,4,6,6,5,6,5,5,6,5,4,4,5,5,6,5,5,4,4,12,11,12,12,12,13,12,12,11,12,12,13,12,12,13,12,12,13,5,4,6,5,64,5,5,6,6,65,5,6,5,4,59,6,5,6,6,80,1,9,5,5,6,4,61,2,9,5,5,4,5,41,2,6,6,5,4,5,59,1,6,6,5,5,5,61,9,chicken noodles,Nothing,0,21,4891210
